fy,fy_start_year,fy_quarter,quarter_start,production_t,non_fines_t,fines_t,basis,source_documents,producer,scope,mineral,temporal_resolution,provenance
2012-13,2012,3,2012-10-01,314394.0,,,derived: cumulative difference,Quantitative Details for the Quarter ended 31.12.2013 [stated April-to-date (previous year)] minus Quantitative Details for the half year ended 30.09.2013 [stated April-to-date (previous year)],MOIL Ltd.,company total (all mines),manganese ore,quarter,REAL_MOIL_PUBLIC
2012-13,2012,4,2013-01-01,337000.0,260000.0,77000.0,stated quarter,Quantitative Details for the year 2013-14 [stated quarter (previous year)],MOIL Ltd.,company total (all mines),manganese ore,quarter,REAL_MOIL_PUBLIC
2013-14,2013,1,2013-04-01,252000.0,204000.0,48000.0,stated cumulative,Quantitative Details for the quarter ended 30.06.2014 [stated April-to-date (previous year)],MOIL Ltd.,company total (all mines),manganese ore,quarter,REAL_MOIL_PUBLIC
2013-14,2013,2,2013-07-01,231223.0,,,derived: cumulative difference,Quantitative Details for the half year ended 30.09.2013 [stated April-to-date (Sr. Particulars Unit Financial Half Year)] minus Quantitative Details for the quarter ended 30.06.2014 [stated April-to-date (previous year)],MOIL Ltd.,company total (all mines),manganese ore,quarter,REAL_MOIL_PUBLIC
2013-14,2013,3,2013-10-01,311777.0,,,derived: cumulative difference,Quantitative Details for the Quarter ended 31.12.2013 [stated April-to-date (- Manganese Ore Sr. Particulars Unit Nin)] minus Quantitative Details for the half year ended 30.09.2013 [stated April-to-date (Sr. Particulars Unit Financial Half Year)],MOIL Ltd.,company total (all mines),manganese ore,quarter,REAL_MOIL_PUBLIC
2013-14,2013,4,2014-01-01,340000.0,265000.0,75000.0,stated quarter,Quantitative Details for the year 2013-14 [stated quarter (Jan-Mar)],MOIL Ltd.,company total (all mines),manganese ore,quarter,REAL_MOIL_PUBLIC
2014-15,2014,1,2014-04-01,273000.0,223000.0,50000.0,stated cumulative,Quantitative Details for the quarter ended 30.6.2015 [stated April-to-date (previous year)],MOIL Ltd.,company total (all mines),manganese ore,quarter,REAL_MOIL_PUBLIC
2014-15,2014,2,2014-07-01,242000.0,977000.0,33000.0,stated quarter,Quantitative Details for the quarter ended 31.12.2014 [stated quarter (previous year)],MOIL Ltd.,company total (all mines),manganese ore,quarter,REAL_MOIL_PUBLIC
2014-15,2014,4,2015-01-01,317000.0,282000.0,35000.0,derived: cumulative difference,Quantitative Details for the year 2015-16 [stated previous FY] minus Quantitative Details for the quarter ended 31.12.2015 [stated April-to-date (previous year)],MOIL Ltd.,company total (all mines),manganese ore,quarter,REAL_MOIL_PUBLIC
2015-16,2015,1,2015-04-01,276000.0,220000.0,56000.0,stated cumulative,Quantitative Details for the quarter ended 30.06.2016 [stated April-to-date (previous year)],MOIL Ltd.,company total (all mines),manganese ore,quarter,REAL_MOIL_PUBLIC
2015-16,2015,2,2015-07-01,227000.0,206000.0,21000.0,stated quarter,Quantitative Details for the quarter ended 31.12.2014 [stated quarter],MOIL Ltd.,company total (all mines),manganese ore,quarter,REAL_MOIL_PUBLIC
2015-16,2015,3,2015-10-01,242000.0,230000.0,12000.0,derived: cumulative difference,Quantitative Details for the quarter ended 31.12.2016 [stated April-to-date (previous year)] minus Quantitative Details for the quarter ended 30.09.2016 [stated April-to-date (previous year)],MOIL Ltd.,company total (all mines),manganese ore,quarter,REAL_MOIL_PUBLIC
2015-16,2015,4,2016-01-01,287000.0,250000.0,37000.0,derived: cumulative difference,Quantitative Details for the year 2016-17 [stated previous FY] minus Quantitative Details for the quarter ended 31.12.2016 [stated April-to-date (previous year)],MOIL Ltd.,company total (all mines),manganese ore,quarter,REAL_MOIL_PUBLIC
2016-17,2016,1,2016-04-01,246000.0,206000.0,40000.0,stated cumulative,Quantitative Details for the quarter ended 30.06.2017 [stated April-to-date (previous year)],MOIL Ltd.,company total (all mines),manganese ore,quarter,REAL_MOIL_PUBLIC
2016-17,2016,2,2016-07-01,203000.0,173000.0,30000.0,derived: cumulative difference,Quantitative Details for the quarter ended 30.09.2017 [stated April-to-date (previous year)] minus Quantitative Details for the quarter ended 30.06.2017 [stated April-to-date (previous year)],MOIL Ltd.,company total (all mines),manganese ore,quarter,REAL_MOIL_PUBLIC
2016-17,2016,3,2016-10-01,272000.0,219000.0,53000.0,derived: cumulative difference,Quantitative Details for the quarter ended 31.12.2017 [stated April-to-date (previous year)] minus Quantitative Details for the quarter ended 30.09.2017 [stated April-to-date (previous year)],MOIL Ltd.,company total (all mines),manganese ore,quarter,REAL_MOIL_PUBLIC
2016-17,2016,4,2017-01-01,284000.0,234000.0,50000.0,derived: cumulative difference,Quantitative Details for the year 2017-18 [stated previous FY] minus Quantitative Details for the quarter ended 31.12.2017 [stated April-to-date (previous year)],MOIL Ltd.,company total (all mines),manganese ore,quarter,REAL_MOIL_PUBLIC
2017-18,2017,1,2017-04-01,268000.0,224000.0,44000.0,stated cumulative,Quantitative Details for the quarter ended 30.06.2018 [stated April-to-date (previous year)],MOIL Ltd.,company total (all mines),manganese ore,quarter,REAL_MOIL_PUBLIC
2017-18,2017,2,2017-07-01,247000.0,198000.0,49000.0,derived: cumulative difference,Quantitative Details for the quarter ended 30.09.2018 [stated April-to-date (previous year)] minus Quantitative Details for the quarter ended 30.06.2018 [stated April-to-date (previous year)],MOIL Ltd.,company total (all mines),manganese ore,quarter,REAL_MOIL_PUBLIC
2017-18,2017,3,2017-10-01,314000.0,259000.0,56000.0,derived: cumulative difference,Quantitative Details for the quarter ended 31.12.2018 [stated April-to-date (previous year)] minus Quantitative Details for the quarter ended 30.09.2018 [stated April-to-date (previous year)],MOIL Ltd.,company total (all mines),manganese ore,quarter,REAL_MOIL_PUBLIC
2017-18,2017,4,2018-01-01,372000.0,300000.0,71000.0,derived: cumulative difference,Quantitative Details for the year 2018-19 [stated previous FY] minus Quantitative Details for the quarter ended 31.12.2018 [stated April-to-date (previous year)],MOIL Ltd.,company total (all mines),manganese ore,quarter,REAL_MOIL_PUBLIC
2018-19,2018,1,2018-04-01,325000.0,289000.0,35000.0,stated cumulative,Quantitative Details for the quarter ended 30.06.2019 [stated April-to-date (previous year)],MOIL Ltd.,company total (all mines),manganese ore,quarter,REAL_MOIL_PUBLIC
2018-19,2018,2,2018-07-01,274000.0,241000.0,34000.0,derived: cumulative difference,Quantitative Details for the quarter ended 30.09.2019 [stated April-to-date (previous year)] minus Quantitative Details for the quarter ended 30.06.2019 [stated April-to-date (previous year)],MOIL Ltd.,company total (all mines),manganese ore,quarter,REAL_MOIL_PUBLIC
2018-19,2018,3,2018-10-01,327000.0,290000.0,36000.0,derived: cumulative difference,Quantitative Details for the quarter ended 31.12.2019 [stated April-to-date (previous year)] minus Quantitative Details for the quarter ended 30.09.2019 [stated April-to-date (previous year)],MOIL Ltd.,company total (all mines),manganese ore,quarter,REAL_MOIL_PUBLIC
2018-19,2018,4,2019-01-01,375000.0,308000.0,68000.0,derived: cumulative difference,Quantitative Details for the year 2019-20 [stated previous FY] minus Quantitative Details for the quarter ended 31.12.2019 [stated April-to-date (previous year)],MOIL Ltd.,company total (all mines),manganese ore,quarter,REAL_MOIL_PUBLIC
2019-20,2019,1,2019-04-01,318000.0,263000.0,54000.0,stated cumulative,Quantitative Details for the quarter ended 30.06.2020 [stated April-to-date (previous year)],MOIL Ltd.,company total (all mines),manganese ore,quarter,REAL_MOIL_PUBLIC
2019-20,2019,2,2019-07-01,261000.0,232000.0,29000.0,derived: cumulative difference,Quantitative Details for the quarter ended 30.09.2020 [stated April-to-date (previous year)] minus Quantitative Details for the quarter ended 30.06.2020 [stated April-to-date (previous year)],MOIL Ltd.,company total (all mines),manganese ore,quarter,REAL_MOIL_PUBLIC
2019-20,2019,3,2019-10-01,366000.0,309000.0,58000.0,derived: cumulative difference,Quantitative Details for the quarter ended 31.12.2020 [stated April-to-date (previous year)] minus Quantitative Details for the quarter ended 30.09.2020 [stated April-to-date (previous year)],MOIL Ltd.,company total (all mines),manganese ore,quarter,REAL_MOIL_PUBLIC
2019-20,2019,4,2020-01-01,332000.0,266000.0,66000.0,derived: cumulative difference,Quantitative Details for the year 2020-21 [stated previous FY] minus Quantitative Details for the quarter ended 31.12.2020 [stated April-to-date (previous year)],MOIL Ltd.,company total (all mines),manganese ore,quarter,REAL_MOIL_PUBLIC
2020-21,2020,1,2020-04-01,134000.0,115000.0,19000.0,stated cumulative,Quantitative Details for the quarter ended 30.06.2021 [stated April-to-date (previous year)],MOIL Ltd.,company total (all mines),manganese ore,quarter,REAL_MOIL_PUBLIC
2020-21,2020,2,2020-07-01,260000.0,211000.0,49000.0,derived: cumulative difference,Quantitative Details for the quarter ended 30.09.2021 [stated April-to-date (previous year)] minus Quantitative Details for the quarter ended 30.06.2021 [stated April-to-date (previous year)],MOIL Ltd.,company total (all mines),manganese ore,quarter,REAL_MOIL_PUBLIC
2020-21,2020,3,2020-10-01,347000.0,287000.0,60000.0,derived: cumulative difference,Quantitative Details for the quarter ended 31.12.2021 [stated April-to-date (previous year)] minus Quantitative Details for the quarter ended 30.09.2021 [stated April-to-date (previous year)],MOIL Ltd.,company total (all mines),manganese ore,quarter,REAL_MOIL_PUBLIC
2020-21,2020,4,2021-01-01,403000.0,342000.0,61000.0,derived: cumulative difference,Quantitative Details for the year 2021-22 [stated previous FY] minus Quantitative Details for the quarter ended 31.12.2021 [stated April-to-date (previous year)],MOIL Ltd.,company total (all mines),manganese ore,quarter,REAL_MOIL_PUBLIC
2021-22,2021,1,2021-04-01,254000.0,212000.0,42000.0,stated cumulative,Quantitative Details for the quarter ended 30.06.2022 [stated April-to-date (previous year)],MOIL Ltd.,company total (all mines),manganese ore,quarter,REAL_MOIL_PUBLIC
2021-22,2021,2,2021-07-01,259000.0,216000.0,42000.0,derived: cumulative difference,Quantitative Details for the quarter ended 30.09.2022 [stated April-to-date (previous year)] minus Quantitative Details for the quarter ended 30.06.2022 [stated April-to-date (previous year)],MOIL Ltd.,company total (all mines),manganese ore,quarter,REAL_MOIL_PUBLIC
2021-22,2021,3,2021-10-01,344000.0,292000.0,53000.0,derived: cumulative difference,Quantitative Details for the quarter ended 31.12.2022 [stated April-to-date (previous year)] minus Quantitative Details for the quarter ended 30.09.2022 [stated April-to-date (previous year)],MOIL Ltd.,company total (all mines),manganese ore,quarter,REAL_MOIL_PUBLIC
2021-22,2021,4,2022-01-01,374000.0,306000.0,69000.0,derived: cumulative difference,Quantitative Details for the year 2022-23 [stated previous FY] minus Quantitative Details for the quarter ended 31.12.2022 [stated April-to-date (previous year)],MOIL Ltd.,company total (all mines),manganese ore,quarter,REAL_MOIL_PUBLIC
2022-23,2022,1,2022-04-01,322000.0,268000.0,54000.0,stated cumulative,Quantitative Details for the quarter ended 30.06.2023 [stated April-to-date (previous year)],MOIL Ltd.,company total (all mines),manganese ore,quarter,REAL_MOIL_PUBLIC
2022-23,2022,2,2022-07-01,241000.0,205000.0,36000.0,derived: cumulative difference,Quantitative Details for the quarter ended 30.09.2023 [stated April-to-date (previous year)] minus Quantitative Details for the quarter ended 30.06.2023 [stated April-to-date (previous year)],MOIL Ltd.,company total (all mines),manganese ore,quarter,REAL_MOIL_PUBLIC
2022-23,2022,3,2022-10-01,337000.0,283000.0,54000.0,derived: cumulative difference,Quantitative Details for the quarter ended 31.12.2023 [stated April-to-date (previous year)] minus Quantitative Details for the quarter ended 30.09.2023 [stated April-to-date (previous year)],MOIL Ltd.,company total (all mines),manganese ore,quarter,REAL_MOIL_PUBLIC
2022-23,2022,4,2023-01-01,402000.0,340000.0,62000.0,derived: cumulative difference,Quantitative Details for the year 2023-24 [stated previous FY] minus Quantitative Details for the quarter ended 31.12.2023 [stated April-to-date (previous year)],MOIL Ltd.,company total (all mines),manganese ore,quarter,REAL_MOIL_PUBLIC
2023-24,2023,1,2023-04-01,436000.0,360000.0,76000.0,stated cumulative,Quantitative Details for the quarter ended 30.06.2024 [stated April-to-date (previous year)],MOIL Ltd.,company total (all mines),manganese ore,quarter,REAL_MOIL_PUBLIC
2023-24,2023,2,2023-07-01,378000.0,328000.0,50000.0,derived: cumulative difference,Quantitative Details for the quarter ended 30.09.2024 [stated April-to-date (previous year)] minus Quantitative Details for the quarter ended 30.06.2024 [stated April-to-date (previous year)],MOIL Ltd.,company total (all mines),manganese ore,quarter,REAL_MOIL_PUBLIC
2023-24,2023,3,2023-10-01,459000.0,392000.0,67000.0,derived: cumulative difference,Quantitative Details for the quarter ended 31.12.2024 [stated April-to-date (previous year)] minus Quantitative Details for the quarter ended 30.09.2024 [stated April-to-date (previous year)],MOIL Ltd.,company total (all mines),manganese ore,quarter,REAL_MOIL_PUBLIC
2023-24,2023,4,2024-01-01,483000.0,395000.0,88000.0,derived: cumulative difference,Quantitative Details for the year 2024-25 [stated previous FY] minus Quantitative Details for the quarter ended 31.12.2024 [stated April-to-date (previous year)],MOIL Ltd.,company total (all mines),manganese ore,quarter,REAL_MOIL_PUBLIC
2024-25,2024,1,2024-04-01,470000.0,389000.0,81000.0,stated cumulative,Quantitative Details for the quarter ended 30.06.2025 [stated April-to-date (previous year)],MOIL Ltd.,company total (all mines),manganese ore,quarter,REAL_MOIL_PUBLIC
2024-25,2024,2,2024-07-01,400000.0,351000.0,49000.0,derived: cumulative difference,Quantitative Details for the quarter ended 30.09.2025 [stated April-to-date (previous year)] minus Quantitative Details for the quarter ended 30.06.2025 [stated April-to-date (previous year)],MOIL Ltd.,company total (all mines),manganese ore,quarter,REAL_MOIL_PUBLIC
2024-25,2024,3,2024-10-01,460000.0,376000.0,84000.0,derived: cumulative difference,Quantitative Details for the quarter ended 31.12.2025 [stated April-to-date (previous year)] minus Quantitative Details for the quarter ended 30.09.2025 [stated April-to-date (previous year)],MOIL Ltd.,company total (all mines),manganese ore,quarter,REAL_MOIL_PUBLIC
2024-25,2024,4,2025-01-01,473000.0,375000.0,98000.0,derived: cumulative difference,Quantitative Details for the year 2025-26 [stated previous FY] minus Quantitative Details for the quarter ended 31.12.2025 [stated April-to-date (previous year)],MOIL Ltd.,company total (all mines),manganese ore,quarter,REAL_MOIL_PUBLIC
2025-26,2025,1,2025-04-01,502000.0,442000.0,60000.0,stated cumulative,Quantitative Details for the quarter ended 30.06.2026 [stated April-to-date (previous year)],MOIL Ltd.,company total (all mines),manganese ore,quarter,REAL_MOIL_PUBLIC
2025-26,2025,2,2025-07-01,442000.0,394000.0,48000.0,derived: cumulative difference,Quantitative Details for the quarter ended 30.09.2025 [stated April-to-date (Sr. Particulars Unit 30.09.2025 30.09.20)] minus Quantitative Details for the quarter ended 30.06.2026 [stated April-to-date (previous year)],MOIL Ltd.,company total (all mines),manganese ore,quarter,REAL_MOIL_PUBLIC
2025-26,2025,3,2025-10-01,477000.0,400000.0,77000.0,derived: cumulative difference,Quantitative Details for the quarter ended 31.12.2025 [stated April-to-date (Sr. Particulars Unit 31.12.2025 31.12.20)] minus Quantitative Details for the quarter ended 30.09.2025 [stated April-to-date (Sr. Particulars Unit 30.09.2025 30.09.20)],MOIL Ltd.,company total (all mines),manganese ore,quarter,REAL_MOIL_PUBLIC
2025-26,2025,4,2026-01-01,486000.0,388000.0,98000.0,derived: cumulative difference,Quantitative Details for the quarter ended 30.06.2026 [stated previous FY] minus Quantitative Details for the quarter ended 31.12.2025 [stated April-to-date (Sr. Particulars Unit 31.12.2025 31.12.20)],MOIL Ltd.,company total (all mines),manganese ore,quarter,REAL_MOIL_PUBLIC
2026-27,2026,1,2026-04-01,507000.0,414000.0,93000.0,stated cumulative,Quantitative Details for the quarter ended 30.06.2026 [stated April-to-date (Sr. Particulars Unit 30.06.2026 30.06.20)],MOIL Ltd.,company total (all mines),manganese ore,quarter,REAL_MOIL_PUBLIC
