document,period_kind,period_start,period_end,fy,months,grand_total_t,non_fines_t,fines_t,stated_unit,column_header,note,source_url,file,provenance
Quantitative Details for the half year ended 30.09.2013,CUMULATIVE,2012-04-01,2012-09-30,2012,6,487606.0,,,tonnes,Sr. Particulars Unit Financial Half Year ended No. year 2012-13 30.09.2013 30.09.2012 384670 380169 882661 (a) Manganese Ore,stated April-to-date (previous year),https://backend.moil.nic.in/getFiles/public/document/N686f42f91.pdf,Quantitative_Details_for_the_half_year_ended_30_09_2013.pdf,REAL_MOIL_PUBLIC
Quantitative Details for the Quarter ended 31.12.2013,CUMULATIVE,2012-04-01,2012-12-31,2012,9,802000.0,623000.0,179000.0,lakh tonnes,- Manganese Ore Sr. Particulars Unit Nine months ended Financial No. year 2012-13 31.12.2013 31.12.2012 (a) Manganese Ore,stated April-to-date (previous year),https://backend.moil.nic.in/getFiles/public/document/K686f43321.pdf,Quantitative_Details_for_the_Quarter_ended_31_12_2013.pdf,REAL_MOIL_PUBLIC
Quantitative Details for the year 2013-14,FY,2012-04-01,2013-03-31,2012,12,1139000.0,883000.0,256000.0,lakh tonnes,Sr. Particulars Unit Financial year Financial quarter ended No. 2013-14 year 2012-13 31.03.2014 31.03.2013,stated previous FY,https://backend.moil.nic.in/getFiles/public/document/D686f43901.pdf,Quantitative_Details_for_the_year_2013_14.pdf,REAL_MOIL_PUBLIC
Quantitative Details for the Quarter ended 31.12.2013,FY,2012-04-01,2013-03-31,2012,12,1139000.0,883000.0,256000.0,lakh tonnes,- Manganese Ore Sr. Particulars Unit Nine months ended Financial No. year 2012-13 31.12.2013 31.12.2012 (a) Manganese Ore,stated previous FY,https://backend.moil.nic.in/getFiles/public/document/K686f43321.pdf,Quantitative_Details_for_the_Quarter_ended_31_12_2013.pdf,REAL_MOIL_PUBLIC
Quantitative Details for the half year ended 30.09.2013,FY,2012-04-01,2013-03-31,2012,12,1138895.0,,,tonnes,Sr. Particulars Unit Financial Half Year ended No. year 2012-13 30.09.2013 30.09.2012 384670 380169 882661 (a) Manganese Ore,stated previous FY,https://backend.moil.nic.in/getFiles/public/document/N686f42f91.pdf,Quantitative_Details_for_the_half_year_ended_30_09_2013.pdf,REAL_MOIL_PUBLIC
Quantitative Details for the year 2013-14,QUARTER,2013-01-01,2013-03-31,2012,3,337000.0,260000.0,77000.0,lakh tonnes,Sr. Particulars Unit Financial year Financial quarter ended No. 2013-14 year 2012-13 31.03.2014 31.03.2013,stated quarter (previous year),https://backend.moil.nic.in/getFiles/public/document/D686f43901.pdf,Quantitative_Details_for_the_year_2013_14.pdf,REAL_MOIL_PUBLIC
Quantitative Details for the quarter ended 30.06.2014,CUMULATIVE,2013-04-01,2013-06-30,2013,3,252000.0,204000.0,48000.0,lakh tonnes,Sr. Particulars Unit Financial year quarter ended No. 2013-14 30.06.2014 30.06.2013,stated April-to-date (previous year),https://backend.moil.nic.in/getFiles/public/document/686f499fs0.pdf,Quantitative_Details_for_the_quarter_ended_30_06_2014.pdf,REAL_MOIL_PUBLIC
Quantitative Details for the half year ended 30.09.2013,CUMULATIVE,2013-04-01,2013-09-30,2013,6,483223.0,,,tonnes,Sr. Particulars Unit Financial Half Year ended No. year 2012-13 30.09.2013 30.09.2012 384670 380169 882661 (a) Manganese Ore,stated April-to-date (Sr. Particulars Unit Financial Half Year),https://backend.moil.nic.in/getFiles/public/document/N686f42f91.pdf,Quantitative_Details_for_the_half_year_ended_30_09_2013.pdf,REAL_MOIL_PUBLIC
Quantitative Details for the Quarter ended 31.12.2013,CUMULATIVE,2013-04-01,2013-12-31,2013,9,795000.0,624000.0,171000.0,lakh tonnes,- Manganese Ore Sr. Particulars Unit Nine months ended Financial No. year 2012-13 31.12.2013 31.12.2012 (a) Manganese Ore,stated April-to-date (- Manganese Ore Sr. Particulars Unit Nin),https://backend.moil.nic.in/getFiles/public/document/K686f43321.pdf,Quantitative_Details_for_the_Quarter_ended_31_12_2013.pdf,REAL_MOIL_PUBLIC
Quantitative Details for the year 2014-15,FY,2013-04-01,2014-03-31,2013,12,1135000.0,890000.0,245000.0,lakh tonnes,Sr. Particulars Unit Financial Financial No. year 2014-15 year 2013-14,stated previous FY,https://backend.moil.nic.in/getFiles/public/document/J686f4d871.pdf,Quantitative_Details_for_the_year_2014_15.pdf,REAL_MOIL_PUBLIC
Quantitative Details for the quarter ended 30.06.2014,FY,2013-04-01,2014-03-31,2013,12,1135000.0,890000.0,245000.0,lakh tonnes,Sr. Particulars Unit Financial year quarter ended No. 2013-14 30.06.2014 30.06.2013,stated previous FY,https://backend.moil.nic.in/getFiles/public/document/686f499fs0.pdf,Quantitative_Details_for_the_quarter_ended_30_06_2014.pdf,REAL_MOIL_PUBLIC
Quantitative Details for the year 2013-14,FY,2013-04-01,2014-03-31,2013,12,1135000.0,890000.0,245000.0,lakh tonnes,Sr. Particulars Unit Financial year Financial quarter ended No. 2013-14 year 2012-13 31.03.2014 31.03.2013,stated FY,https://backend.moil.nic.in/getFiles/public/document/D686f43901.pdf,Quantitative_Details_for_the_year_2013_14.pdf,REAL_MOIL_PUBLIC
Quantitative Details for the year 2013-14,QUARTER,2014-01-01,2014-03-31,2013,3,340000.0,265000.0,75000.0,lakh tonnes,Sr. Particulars Unit Financial year Financial quarter ended No. 2013-14 year 2012-13 31.03.2014 31.03.2013,stated quarter (Jan-Mar),https://backend.moil.nic.in/getFiles/public/document/D686f43901.pdf,Quantitative_Details_for_the_year_2013_14.pdf,REAL_MOIL_PUBLIC
Quantitative Details for the quarter ended 30.6.2015,CUMULATIVE,2014-04-01,2014-06-30,2014,3,273000.0,223000.0,50000.0,lakh tonnes,Sr. Particulars Unit Financial year Quarter ended No. 2014-15 30.06.2015 30.06.2014,stated April-to-date (previous year),https://backend.moil.nic.in/getFiles/public/document/686f4fe2z0.pdf,Quantitative_Details_for_the_quarter_ended_30_6_2015.pdf,REAL_MOIL_PUBLIC
Quantitative Details for the quarter ended 30.06.2014,CUMULATIVE,2014-04-01,2014-06-30,2014,3,273000.0,223000.0,50000.0,lakh tonnes,Sr. Particulars Unit Financial year quarter ended No. 2013-14 30.06.2014 30.06.2013,stated April-to-date (Sr. Particulars Unit Financial year quar),https://backend.moil.nic.in/getFiles/public/document/686f499fs0.pdf,Quantitative_Details_for_the_quarter_ended_30_06_2014.pdf,REAL_MOIL_PUBLIC
Quantitative Details for the quarter ended 30.09.2015,QUARTER,2014-07-01,2014-09-30,2014,3,242000.0,977000.0,33000.0,lakh tonnes,Sr. Particulars Unit Financial quarter ended No. year 2014-15 30.09.2015 30.09.2014,stated quarter (previous year),https://backend.moil.nic.in/getFiles/public/document/M686f51a31.pdf,Quantitative_Details_for_the_quarter_ended_30_09_2015.pdf,REAL_MOIL_PUBLIC
Quantitative Details for the quarter ended 31.12.2014,QUARTER,2014-07-01,2014-09-30,2014,3,242000.0,977000.0,33000.0,lakh tonnes,Sr. Particulars Unit Financial quarter ended No. year 2014-15 30.09.2015 30.09.2014,stated quarter (previous year),https://backend.moil.nic.in/getFiles/public/document/e686f4b4a1.pdf,Quantitative_Details_for_the_quarter_ended_31_12_2014.pdf,REAL_MOIL_PUBLIC
Quantitative Details for the quarter ended 31.12.2015,CUMULATIVE,2014-04-01,2014-12-31,2014,9,822000.0,695000.0,127000.0,lakh tonnes,Sr. No. Particulars Unit Nine Months ended Financial year 2014-15 31.12.2015 31.12.2014 (a) Manganese Ore,stated April-to-date (previous year),https://backend.moil.nic.in/getFiles/public/document/M686f51e61.pdf,Quantitative_Details_for_the_quarter_ended_31_12_2015.pdf,REAL_MOIL_PUBLIC
Quantitative Details for the year 2015-16,FY,2014-04-01,2015-03-31,2014,12,1139000.0,977000.0,162000.0,lakh tonnes,Sr. Particulars Unit Financial F i n a ncial No. year 2015-16 year 2014-15,stated previous FY,https://backend.moil.nic.in/getFiles/public/document/686f5287x0.pdf,Quantitative_Details_for_the_year_2015_16.pdf,REAL_MOIL_PUBLIC
Quantitative Details for the quarter ended 31.12.2015,FY,2014-04-01,2015-03-31,2014,12,1139000.0,977000.0,162000.0,lakh tonnes,Sr. No. Particulars Unit Nine Months ended Financial year 2014-15 31.12.2015 31.12.2014 (a) Manganese Ore,stated previous FY,https://backend.moil.nic.in/getFiles/public/document/M686f51e61.pdf,Quantitative_Details_for_the_quarter_ended_31_12_2015.pdf,REAL_MOIL_PUBLIC
Quantitative Details for the quarter ended 30.09.2015,FY,2014-04-01,2015-03-31,2014,12,1139000.0,,162000.0,lakh tonnes,Sr. Particulars Unit Financial quarter ended No. year 2014-15 30.09.2015 30.09.2014,stated previous FY,https://backend.moil.nic.in/getFiles/public/document/M686f51a31.pdf,Quantitative_Details_for_the_quarter_ended_30_09_2015.pdf,REAL_MOIL_PUBLIC
Quantitative Details for the quarter ended 30.6.2015,FY,2014-04-01,2015-03-31,2014,12,1139000.0,977000.0,162000.0,lakh tonnes,Sr. Particulars Unit Financial year Quarter ended No. 2014-15 30.06.2015 30.06.2014,stated previous FY,https://backend.moil.nic.in/getFiles/public/document/686f4fe2z0.pdf,Quantitative_Details_for_the_quarter_ended_30_6_2015.pdf,REAL_MOIL_PUBLIC
Quantitative Details for the year 2014-15,FY,2014-04-01,2015-03-31,2014,12,1139000.0,977000.0,162000.0,lakh tonnes,Sr. Particulars Unit Financial Financial No. year 2014-15 year 2013-14,stated FY,https://backend.moil.nic.in/getFiles/public/document/J686f4d871.pdf,Quantitative_Details_for_the_year_2014_15.pdf,REAL_MOIL_PUBLIC
Quantitative Details for the quarter ended 31.12.2014,FY,2014-04-01,2015-03-31,2014,12,1139000.0,,162000.0,lakh tonnes,Sr. Particulars Unit Financial quarter ended No. year 2014-15 30.09.2015 30.09.2014,stated previous FY,https://backend.moil.nic.in/getFiles/public/document/e686f4b4a1.pdf,Quantitative_Details_for_the_quarter_ended_31_12_2014.pdf,REAL_MOIL_PUBLIC
Quantitative Details for the quarter ended 30.06.2016,CUMULATIVE,2015-04-01,2015-06-30,2015,3,276000.0,220000.0,56000.0,lakh tonnes,Sr. Particulars Unit Financial year Quarter ended No. 2015-16 30.06.2016 30.06.2015,stated April-to-date (previous year),https://backend.moil.nic.in/getFiles/public/document/a686f53181.pdf,Quantitative_Details_for_the_quarter_ended_30_06_2016.pdf,REAL_MOIL_PUBLIC
Quantitative Details for the quarter ended 30.6.2015,CUMULATIVE,2015-04-01,2015-06-30,2015,3,276000.0,220000.0,56000.0,lakh tonnes,Sr. Particulars Unit Financial year Quarter ended No. 2014-15 30.06.2015 30.06.2014,stated April-to-date (Sr. Particulars Unit Financial year Quar),https://backend.moil.nic.in/getFiles/public/document/686f4fe2z0.pdf,Quantitative_Details_for_the_quarter_ended_30_6_2015.pdf,REAL_MOIL_PUBLIC
Quantitative Details for the quarter ended 30.09.2016,CUMULATIVE,2015-04-01,2015-09-30,2015,6,503000.0,426000.0,77000.0,lakh tonnes,Sr. Particulars Unit Six months ended Financial No. Year 30.09.2016 30.09.2015 2015-16 (a) Manganese Ore,stated April-to-date (previous year),https://backend.moil.nic.in/getFiles/public/document/w686f53931.pdf,Quantitative_Details_for_the_quarter_ended_30_09_2016.pdf,REAL_MOIL_PUBLIC
Quantitative Details for the quarter ended 30.09.2015,QUARTER,2015-07-01,2015-09-30,2015,3,227000.0,206000.0,21000.0,lakh tonnes,Sr. Particulars Unit Financial quarter ended No. year 2014-15 30.09.2015 30.09.2014,stated quarter,https://backend.moil.nic.in/getFiles/public/document/M686f51a31.pdf,Quantitative_Details_for_the_quarter_ended_30_09_2015.pdf,REAL_MOIL_PUBLIC
Quantitative Details for the quarter ended 31.12.2014,QUARTER,2015-07-01,2015-09-30,2015,3,227000.0,206000.0,21000.0,lakh tonnes,Sr. Particulars Unit Financial quarter ended No. year 2014-15 30.09.2015 30.09.2014,stated quarter,https://backend.moil.nic.in/getFiles/public/document/e686f4b4a1.pdf,Quantitative_Details_for_the_quarter_ended_31_12_2014.pdf,REAL_MOIL_PUBLIC
Quantitative Details for the quarter ended 31.12.2016,CUMULATIVE,2015-04-01,2015-12-31,2015,9,745000.0,656000.0,89000.0,lakh tonnes,Sr. Particulars Unit Nine months ended Financial No. Year 31.12.2016 31.12.2015 2015-16 (a) Manganese Ore,stated April-to-date (previous year),https://backend.moil.nic.in/getFiles/public/document/686f541dT0.pdf,Quantitative_Details_for_the_quarter_ended_31_12_2016.pdf,REAL_MOIL_PUBLIC
Quantitative Details for the quarter ended 31.12.2015,CUMULATIVE,2015-04-01,2015-12-31,2015,9,745000.0,656000.0,89000.0,lakh tonnes,Sr. No. Particulars Unit Nine Months ended Financial year 2014-15 31.12.2015 31.12.2014 (a) Manganese Ore,stated April-to-date (Sr. No. Particulars Unit Nine Months end),https://backend.moil.nic.in/getFiles/public/document/M686f51e61.pdf,Quantitative_Details_for_the_quarter_ended_31_12_2015.pdf,REAL_MOIL_PUBLIC
Quantitative Details for the year 2016-17,FY,2015-04-01,2016-03-31,2015,12,1032000.0,906000.0,126000.0,lakh tonnes,Sr. Particulars Unit Financial Financial year No. year 2015-16 2016-17,stated previous FY,https://backend.moil.nic.in/getFiles/public/document/686f54b2l0.pdf,Quantitative_Details_for_the_year_2016_17.pdf,REAL_MOIL_PUBLIC
Quantitative Details for the quarter ended 31.12.2016,FY,2015-04-01,2016-03-31,2015,12,1032000.0,906000.0,126000.0,lakh tonnes,Sr. Particulars Unit Nine months ended Financial No. Year 31.12.2016 31.12.2015 2015-16 (a) Manganese Ore,stated previous FY,https://backend.moil.nic.in/getFiles/public/document/686f541dT0.pdf,Quantitative_Details_for_the_quarter_ended_31_12_2016.pdf,REAL_MOIL_PUBLIC
Quantitative Details for the quarter ended 30.09.2016,FY,2015-04-01,2016-03-31,2015,12,1032000.0,906000.0,126000.0,lakh tonnes,Sr. Particulars Unit Six months ended Financial No. Year 30.09.2016 30.09.2015 2015-16 (a) Manganese Ore,stated previous FY,https://backend.moil.nic.in/getFiles/public/document/w686f53931.pdf,Quantitative_Details_for_the_quarter_ended_30_09_2016.pdf,REAL_MOIL_PUBLIC
Quantitative Details for the quarter ended 30.06.2016,FY,2015-04-01,2016-03-31,2015,12,1032000.0,906000.0,126000.0,lakh tonnes,Sr. Particulars Unit Financial year Quarter ended No. 2015-16 30.06.2016 30.06.2015,stated previous FY,https://backend.moil.nic.in/getFiles/public/document/a686f53181.pdf,Quantitative_Details_for_the_quarter_ended_30_06_2016.pdf,REAL_MOIL_PUBLIC
Quantitative Details for the year 2015-16,FY,2015-04-01,2016-03-31,2015,12,1032000.0,906000.0,126000.0,lakh tonnes,Sr. Particulars Unit Financial F i n a ncial No. year 2015-16 year 2014-15,stated FY,https://backend.moil.nic.in/getFiles/public/document/686f5287x0.pdf,Quantitative_Details_for_the_year_2015_16.pdf,REAL_MOIL_PUBLIC
Quantitative Details for the quarter ended 30.06.2017,CUMULATIVE,2016-04-01,2016-06-30,2016,3,246000.0,206000.0,40000.0,lakh tonnes,Sr. Particulars Unit 30.06.2017 30.06.2016 FY2016-17 No.,stated April-to-date (previous year),https://backend.moil.nic.in/getFiles/public/document/686f556am0.pdf,Quantitative_Details_for_the_quarter_ended_30_06_2017.pdf,REAL_MOIL_PUBLIC
Quantitative Details for the quarter ended 30.06.2016,CUMULATIVE,2016-04-01,2016-06-30,2016,3,246000.0,206000.0,40000.0,lakh tonnes,Sr. Particulars Unit Financial year Quarter ended No. 2015-16 30.06.2016 30.06.2015,stated April-to-date (Sr. Particulars Unit Financial year Quar),https://backend.moil.nic.in/getFiles/public/document/a686f53181.pdf,Quantitative_Details_for_the_quarter_ended_30_06_2016.pdf,REAL_MOIL_PUBLIC
Quantitative Details for the quarter ended 30.09.2017,CUMULATIVE,2016-04-01,2016-09-30,2016,6,449000.0,379000.0,70000.0,lakh tonnes,Sr. Particulars Unit 30.09.2017 30.09.2016 FY2016-17 No.,stated April-to-date (previous year),https://backend.moil.nic.in/getFiles/public/document/S686f55da1.pdf,Quantitative_Details_for_the_quarter_ended_30_09_2017.pdf,REAL_MOIL_PUBLIC
Quantitative Details for the quarter ended 30.09.2016,CUMULATIVE,2016-04-01,2016-09-30,2016,6,449000.0,379000.0,70000.0,lakh tonnes,Sr. Particulars Unit Six months ended Financial No. Year 30.09.2016 30.09.2015 2015-16 (a) Manganese Ore,stated April-to-date (Sr. Particulars Unit Six months ended Fi),https://backend.moil.nic.in/getFiles/public/document/w686f53931.pdf,Quantitative_Details_for_the_quarter_ended_30_09_2016.pdf,REAL_MOIL_PUBLIC
Quantitative Details for the quarter ended 31.12.2017,CUMULATIVE,2016-04-01,2016-12-31,2016,9,721000.0,598000.0,123000.0,lakh tonnes,Sr. Particulars Unit 31.12.2017 31.12.2016 FY2016-17 No.,stated April-to-date (previous year),https://backend.moil.nic.in/getFiles/public/document/686f561ev0.pdf,Quantitative_Details_for_the_quarter_ended_31_12_2017.pdf,REAL_MOIL_PUBLIC
Quantitative Details for the quarter ended 31.12.2016,CUMULATIVE,2016-04-01,2016-12-31,2016,9,721000.0,598000.0,123000.0,lakh tonnes,Sr. Particulars Unit Nine months ended Financial No. Year 31.12.2016 31.12.2015 2015-16 (a) Manganese Ore,stated April-to-date (Sr. Particulars Unit Nine months ended F),https://backend.moil.nic.in/getFiles/public/document/686f541dT0.pdf,Quantitative_Details_for_the_quarter_ended_31_12_2016.pdf,REAL_MOIL_PUBLIC
Quantitative Details for the year 2017-18,FY,2016-04-01,2017-03-31,2016,12,1005000.0,832000.0,173000.0,lakh tonnes,Sr. Particulars Unit FY2017-18 FY2016-17 No.,stated previous FY,https://backend.moil.nic.in/getFiles/public/document/Z686f56b31.pdf,Quantitative_Details_for_the_year_2017_18.pdf,REAL_MOIL_PUBLIC
Quantitative Details for the quarter ended 31.12.2017,FY,2016-04-01,2017-03-31,2016,12,1005000.0,832000.0,173000.0,lakh tonnes,Sr. Particulars Unit 31.12.2017 31.12.2016 FY2016-17 No.,stated previous FY,https://backend.moil.nic.in/getFiles/public/document/686f561ev0.pdf,Quantitative_Details_for_the_quarter_ended_31_12_2017.pdf,REAL_MOIL_PUBLIC
Quantitative Details for the quarter ended 30.09.2017,FY,2016-04-01,2017-03-31,2016,12,1005000.0,832000.0,173000.0,lakh tonnes,Sr. Particulars Unit 30.09.2017 30.09.2016 FY2016-17 No.,stated previous FY,https://backend.moil.nic.in/getFiles/public/document/S686f55da1.pdf,Quantitative_Details_for_the_quarter_ended_30_09_2017.pdf,REAL_MOIL_PUBLIC
Quantitative Details for the quarter ended 30.06.2017,FY,2016-04-01,2017-03-31,2016,12,1005000.0,832000.0,173000.0,lakh tonnes,Sr. Particulars Unit 30.06.2017 30.06.2016 FY2016-17 No.,stated previous FY,https://backend.moil.nic.in/getFiles/public/document/686f556am0.pdf,Quantitative_Details_for_the_quarter_ended_30_06_2017.pdf,REAL_MOIL_PUBLIC
Quantitative Details for the year 2016-17,FY,2016-04-01,2017-03-31,2016,12,1005000.0,832000.0,173000.0,lakh tonnes,Sr. Particulars Unit Financial Financial year No. year 2015-16 2016-17,stated FY,https://backend.moil.nic.in/getFiles/public/document/686f54b2l0.pdf,Quantitative_Details_for_the_year_2016_17.pdf,REAL_MOIL_PUBLIC
Quantitative Details for the quarter ended 30.06.2018,CUMULATIVE,2017-04-01,2017-06-30,2017,3,268000.0,224000.0,44000.0,lakh tonnes,Sr. Particulars Unit 30.06.2018 30.06.2017 FY2017-18 No.,stated April-to-date (previous year),https://backend.moil.nic.in/getFiles/public/document/686f5709P0.pdf,Quantitative_Details_for_the_quarter_ended_30_06_2018.pdf,REAL_MOIL_PUBLIC
Quantitative Details for the quarter ended 30.06.2017,CUMULATIVE,2017-04-01,2017-06-30,2017,3,268000.0,224000.0,44000.0,lakh tonnes,Sr. Particulars Unit 30.06.2017 30.06.2016 FY2016-17 No.,stated April-to-date (Sr. Particulars Unit 30.06.2017 30.06.20),https://backend.moil.nic.in/getFiles/public/document/686f556am0.pdf,Quantitative_Details_for_the_quarter_ended_30_06_2017.pdf,REAL_MOIL_PUBLIC
Quantitative Details for the quarter ended 30.09.2018,CUMULATIVE,2017-04-01,2017-09-30,2017,6,515000.0,422000.0,93000.0,lakh tonnes,Sr. Particulars Unit 30.09.2018 30.09.2017 FY2017-18 No. (a) Manganese Ore,stated April-to-date (previous year),https://backend.moil.nic.in/getFiles/public/document/b686f575f1.pdf,Quantitative_Details_for_the_quarter_ended_30_09_2018.pdf,REAL_MOIL_PUBLIC
Quantitative Details for the quarter ended 30.09.2017,CUMULATIVE,2017-04-01,2017-09-30,2017,6,515000.0,422000.0,93000.0,lakh tonnes,Sr. Particulars Unit 30.09.2017 30.09.2016 FY2016-17 No.,stated April-to-date (Sr. Particulars Unit 30.09.2017 30.09.20),https://backend.moil.nic.in/getFiles/public/document/S686f55da1.pdf,Quantitative_Details_for_the_quarter_ended_30_09_2017.pdf,REAL_MOIL_PUBLIC
Quantitative Details for the quarter ended 31.12.2018,CUMULATIVE,2017-04-01,2017-12-31,2017,9,829000.0,681000.0,149000.0,lakh tonnes,Sr. Particulars Unit 31.12.2018 31.12.2017 FY2017-18 No. (a) Manganese Ore,stated April-to-date (previous year),https://backend.moil.nic.in/getFiles/public/document/N686f57d51.pdf,Quantitative_Details_for_the_quarter_ended_31_12_2018.pdf,REAL_MOIL_PUBLIC
Quantitative Details for the quarter ended 31.12.2017,CUMULATIVE,2017-04-01,2017-12-31,2017,9,829000.0,680000.0,149000.0,lakh tonnes,Sr. Particulars Unit 31.12.2017 31.12.2016 FY2016-17 No.,stated April-to-date (Sr. Particulars Unit 31.12.2017 31.12.20),https://backend.moil.nic.in/getFiles/public/document/686f561ev0.pdf,Quantitative_Details_for_the_quarter_ended_31_12_2017.pdf,REAL_MOIL_PUBLIC
Quantitative Details for the year 2018-19,FY,2017-04-01,2018-03-31,2017,12,1201000.0,981000.0,220000.0,lakh tonnes,Sr. Particulars Unit F.Y. 2018-19 F.Y. 2017-18 No. (a) Manganese Ore,stated previous FY,https://backend.moil.nic.in/getFiles/public/document/686f5838H0.pdf,Quantitative_Details_for_the_year_2018_19.pdf,REAL_MOIL_PUBLIC
Quantitative Details for the quarter ended 31.12.2018,FY,2017-04-01,2018-03-31,2017,12,1201000.0,981000.0,220000.0,lakh tonnes,Sr. Particulars Unit 31.12.2018 31.12.2017 FY2017-18 No. (a) Manganese Ore,stated previous FY,https://backend.moil.nic.in/getFiles/public/document/N686f57d51.pdf,Quantitative_Details_for_the_quarter_ended_31_12_2018.pdf,REAL_MOIL_PUBLIC
Quantitative Details for the quarter ended 30.09.2018,FY,2017-04-01,2018-03-31,2017,12,1201000.0,981000.0,220000.0,lakh tonnes,Sr. Particulars Unit 30.09.2018 30.09.2017 FY2017-18 No. (a) Manganese Ore,stated previous FY,https://backend.moil.nic.in/getFiles/public/document/b686f575f1.pdf,Quantitative_Details_for_the_quarter_ended_30_09_2018.pdf,REAL_MOIL_PUBLIC
Quantitative Details for the quarter ended 30.06.2018,FY,2017-04-01,2018-03-31,2017,12,1201000.0,981000.0,220000.0,lakh tonnes,Sr. Particulars Unit 30.06.2018 30.06.2017 FY2017-18 No.,stated previous FY,https://backend.moil.nic.in/getFiles/public/document/686f5709P0.pdf,Quantitative_Details_for_the_quarter_ended_30_06_2018.pdf,REAL_MOIL_PUBLIC
Quantitative Details for the year 2017-18,FY,2017-04-01,2018-03-31,2017,12,1201000.0,981000.0,220000.0,lakh tonnes,Sr. Particulars Unit FY2017-18 FY2016-17 No.,stated FY,https://backend.moil.nic.in/getFiles/public/document/Z686f56b31.pdf,Quantitative_Details_for_the_year_2017_18.pdf,REAL_MOIL_PUBLIC
Quantitative Details for the quarter ended 30.06.2019,CUMULATIVE,2018-04-01,2018-06-30,2018,3,325000.0,289000.0,35000.0,lakh tonnes,Sr. Particulars Unit 30.06.2019 30.06.2018 F.Y. 2018-19 No. (a) Manganese Ore,stated April-to-date (previous year),https://backend.moil.nic.in/getFiles/public/document/b686f58c21.pdf,Quantitative_Details_for_the_quarter_ended_30_06_2019.pdf,REAL_MOIL_PUBLIC
Quantitative Details for the quarter ended 30.06.2018,CUMULATIVE,2018-04-01,2018-06-30,2018,3,324000.0,289000.0,35000.0,lakh tonnes,Sr. Particulars Unit 30.06.2018 30.06.2017 FY2017-18 No.,stated April-to-date (Sr. Particulars Unit 30.06.2018 30.06.20),https://backend.moil.nic.in/getFiles/public/document/686f5709P0.pdf,Quantitative_Details_for_the_quarter_ended_30_06_2018.pdf,REAL_MOIL_PUBLIC
Quantitative Details for the quarter ended 30.09.2019,CUMULATIVE,2018-04-01,2018-09-30,2018,6,599000.0,530000.0,69000.0,lakh tonnes,Sr. Particulars Unit 30.09.2019 30.09.2018 F.Y. 2018-19 No. (a) Manganese Ore,stated April-to-date (previous year),https://backend.moil.nic.in/getFiles/public/document/686f590c50.pdf,Quantitative_Details_for_the_quarter_ended_30_09_2019.pdf,REAL_MOIL_PUBLIC
Quantitative Details for the quarter ended 30.09.2018,CUMULATIVE,2018-04-01,2018-09-30,2018,6,599000.0,530000.0,69000.0,lakh tonnes,Sr. Particulars Unit 30.09.2018 30.09.2017 FY2017-18 No. (a) Manganese Ore,stated April-to-date (Sr. Particulars Unit 30.09.2018 30.09.20),https://backend.moil.nic.in/getFiles/public/document/b686f575f1.pdf,Quantitative_Details_for_the_quarter_ended_30_09_2018.pdf,REAL_MOIL_PUBLIC
Quantitative Details for the quarter ended 31.12.2019,CUMULATIVE,2018-04-01,2018-12-31,2018,9,926000.0,820000.0,105000.0,lakh tonnes,Sr. Particulars Unit 31.12.2019 31.12.2018 F.Y. 2018-19 No. (a) Manganese Ore,stated April-to-date (previous year),https://backend.moil.nic.in/getFiles/public/document/z686f59421.pdf,Quantitative_Details_for_the_quarter_ended_31_12_2019.pdf,REAL_MOIL_PUBLIC
Quantitative Details for the quarter ended 31.12.2018,CUMULATIVE,2018-04-01,2018-12-31,2018,9,926000.0,820000.0,105000.0,lakh tonnes,Sr. Particulars Unit 31.12.2018 31.12.2017 FY2017-18 No. (a) Manganese Ore,stated April-to-date (Sr. Particulars Unit 31.12.2018 31.12.20),https://backend.moil.nic.in/getFiles/public/document/N686f57d51.pdf,Quantitative_Details_for_the_quarter_ended_31_12_2018.pdf,REAL_MOIL_PUBLIC
Quantitative Details for the year 2019-20,FY,2018-04-01,2019-03-31,2018,12,1301000.0,1128000.0,173000.0,lakh tonnes,Sr. Particulars Unit F.Y. 2019-20 F.Y. 2018-19 No. (a) Manganese Ore,stated previous FY,https://backend.moil.nic.in/getFiles/public/document/686f59ffv0.pdf,Quantitative_Details_for_the_year_2019_20.pdf,REAL_MOIL_PUBLIC
Quantitative Details for the quarter ended 31.12.2019,FY,2018-04-01,2019-03-31,2018,12,1301000.0,1128000.0,173000.0,lakh tonnes,Sr. Particulars Unit 31.12.2019 31.12.2018 F.Y. 2018-19 No. (a) Manganese Ore,stated previous FY,https://backend.moil.nic.in/getFiles/public/document/z686f59421.pdf,Quantitative_Details_for_the_quarter_ended_31_12_2019.pdf,REAL_MOIL_PUBLIC
Quantitative Details for the quarter ended 30.09.2019,FY,2018-04-01,2019-03-31,2018,12,1301000.0,1128000.0,173000.0,lakh tonnes,Sr. Particulars Unit 30.09.2019 30.09.2018 F.Y. 2018-19 No. (a) Manganese Ore,stated previous FY,https://backend.moil.nic.in/getFiles/public/document/686f590c50.pdf,Quantitative_Details_for_the_quarter_ended_30_09_2019.pdf,REAL_MOIL_PUBLIC
Quantitative Details for the quarter ended 30.06.2019,FY,2018-04-01,2019-03-31,2018,12,1301000.0,1128000.0,173000.0,lakh tonnes,Sr. Particulars Unit 30.06.2019 30.06.2018 F.Y. 2018-19 No. (a) Manganese Ore,stated previous FY,https://backend.moil.nic.in/getFiles/public/document/b686f58c21.pdf,Quantitative_Details_for_the_quarter_ended_30_06_2019.pdf,REAL_MOIL_PUBLIC
Quantitative Details for the year 2018-19,FY,2018-04-01,2019-03-31,2018,12,1301000.0,1128000.0,173000.0,lakh tonnes,Sr. Particulars Unit F.Y. 2018-19 F.Y. 2017-18 No. (a) Manganese Ore,stated FY,https://backend.moil.nic.in/getFiles/public/document/686f5838H0.pdf,Quantitative_Details_for_the_year_2018_19.pdf,REAL_MOIL_PUBLIC
Quantitative Details for the quarter ended 30.06.2020,CUMULATIVE,2019-04-01,2019-06-30,2019,3,318000.0,263000.0,54000.0,lakh tonnes,Sr. Particulars Unit 30.06.2020 30.06.2019 F.Y. 2019-20 No. (a) Manganese Ore,stated April-to-date (previous year),https://backend.moil.nic.in/getFiles/public/document/B686f5c331.pdf,Quantitative_Details_for_the_quarter_ended_30_06_2020.pdf,REAL_MOIL_PUBLIC
Quantitative Details for the quarter ended 30.06.2019,CUMULATIVE,2019-04-01,2019-06-30,2019,3,318000.0,263000.0,54000.0,lakh tonnes,Sr. Particulars Unit 30.06.2019 30.06.2018 F.Y. 2018-19 No. (a) Manganese Ore,stated April-to-date (Sr. Particulars Unit 30.06.2019 30.06.20),https://backend.moil.nic.in/getFiles/public/document/b686f58c21.pdf,Quantitative_Details_for_the_quarter_ended_30_06_2019.pdf,REAL_MOIL_PUBLIC
Quantitative Details for the quarter ended 30.09.2020,CUMULATIVE,2019-04-01,2019-09-30,2019,6,579000.0,495000.0,83000.0,lakh tonnes,Sr. Particulars Unit 30.09.2020 30.09.2019 F.Y. 2019-20 No. (a) Manganese Ore,stated April-to-date (previous year),https://backend.moil.nic.in/getFiles/public/document/Y686f5d971.pdf,Quantitative_Details_for_the_quarter_ended_30_09_2020.pdf,REAL_MOIL_PUBLIC
Quantitative Details for the quarter ended 30.09.2019,CUMULATIVE,2019-04-01,2019-09-30,2019,6,579000.0,495000.0,83000.0,lakh tonnes,Sr. Particulars Unit 30.09.2019 30.09.2018 F.Y. 2018-19 No. (a) Manganese Ore,stated April-to-date (Sr. Particulars Unit 30.09.2019 30.09.20),https://backend.moil.nic.in/getFiles/public/document/686f590c50.pdf,Quantitative_Details_for_the_quarter_ended_30_09_2019.pdf,REAL_MOIL_PUBLIC
Quantitative Details for the quarter ended 31.12.2020,CUMULATIVE,2019-04-01,2019-12-31,2019,9,945000.0,804000.0,141000.0,lakh tonnes,Sr. Particulars Unit 31.12.2020 31.12.2019 F.Y. 2019-20 No. (a) Manganese Ore,stated April-to-date (previous year),https://backend.moil.nic.in/getFiles/public/document/T686f5e0b1.pdf,Quantitative_Details_for_the_quarter_ended_31_12_2020.pdf,REAL_MOIL_PUBLIC
Quantitative Details for the quarter ended 31.12.2019,CUMULATIVE,2019-04-01,2019-12-31,2019,9,945000.0,804000.0,141000.0,lakh tonnes,Sr. Particulars Unit 31.12.2019 31.12.2018 F.Y. 2018-19 No. (a) Manganese Ore,stated April-to-date (Sr. Particulars Unit 31.12.2019 31.12.20),https://backend.moil.nic.in/getFiles/public/document/z686f59421.pdf,Quantitative_Details_for_the_quarter_ended_31_12_2019.pdf,REAL_MOIL_PUBLIC
Quantitative Details for the year 2020-21,FY,2019-04-01,2020-03-31,2019,12,1277000.0,1070000.0,207000.0,lakh tonnes,Sr. Particulars Unit F.Y. 2020-21 F.Y. 2019-20 No. (a) Manganese Ore,stated previous FY,https://backend.moil.nic.in/getFiles/public/document/686f6242G0.pdf,Quantitative_Details_for_the_year_2020_21.pdf,REAL_MOIL_PUBLIC
Quantitative Details for the quarter ended 31.12.2020,FY,2019-04-01,2020-03-31,2019,12,1277000.0,1070000.0,207000.0,lakh tonnes,Sr. Particulars Unit 31.12.2020 31.12.2019 F.Y. 2019-20 No. (a) Manganese Ore,stated previous FY,https://backend.moil.nic.in/getFiles/public/document/T686f5e0b1.pdf,Quantitative_Details_for_the_quarter_ended_31_12_2020.pdf,REAL_MOIL_PUBLIC
Quantitative Details for the quarter ended 30.09.2020,FY,2019-04-01,2020-03-31,2019,12,1277000.0,1070000.0,207000.0,lakh tonnes,Sr. Particulars Unit 30.09.2020 30.09.2019 F.Y. 2019-20 No. (a) Manganese Ore,stated previous FY,https://backend.moil.nic.in/getFiles/public/document/Y686f5d971.pdf,Quantitative_Details_for_the_quarter_ended_30_09_2020.pdf,REAL_MOIL_PUBLIC
Quantitative Details for the quarter ended 30.06.2020,FY,2019-04-01,2020-03-31,2019,12,1277000.0,1070000.0,207000.0,lakh tonnes,Sr. Particulars Unit 30.06.2020 30.06.2019 F.Y. 2019-20 No. (a) Manganese Ore,stated previous FY,https://backend.moil.nic.in/getFiles/public/document/B686f5c331.pdf,Quantitative_Details_for_the_quarter_ended_30_06_2020.pdf,REAL_MOIL_PUBLIC
Quantitative Details for the year 2019-20,FY,2019-04-01,2020-03-31,2019,12,1277000.0,1070000.0,207000.0,lakh tonnes,Sr. Particulars Unit F.Y. 2019-20 F.Y. 2018-19 No. (a) Manganese Ore,stated FY,https://backend.moil.nic.in/getFiles/public/document/686f59ffv0.pdf,Quantitative_Details_for_the_year_2019_20.pdf,REAL_MOIL_PUBLIC
Quantitative Details for the quarter ended 30.06.2021,CUMULATIVE,2020-04-01,2020-06-30,2020,3,134000.0,115000.0,19000.0,lakh tonnes,Sr. Particulars Unit 30.06.2021 30.06.2020 F.Y. 2020-21 No. (a) Manganese Ore,stated April-to-date (previous year),https://backend.moil.nic.in/getFiles/public/document/t686f62f21.pdf,Quantitative_Details_for_the_quarter_ended_30_06_2021.pdf,REAL_MOIL_PUBLIC
Quantitative Details for the quarter ended 30.06.2020,CUMULATIVE,2020-04-01,2020-06-30,2020,3,134000.0,115000.0,19000.0,lakh tonnes,Sr. Particulars Unit 30.06.2020 30.06.2019 F.Y. 2019-20 No. (a) Manganese Ore,stated April-to-date (Sr. Particulars Unit 30.06.2020 30.06.20),https://backend.moil.nic.in/getFiles/public/document/B686f5c331.pdf,Quantitative_Details_for_the_quarter_ended_30_06_2020.pdf,REAL_MOIL_PUBLIC
Quantitative Details for the quarter ended 30.09.2021,CUMULATIVE,2020-04-01,2020-09-30,2020,6,394000.0,326000.0,68000.0,lakh tonnes,Sr. Particulars Unit 30.09.2021 30.09.2020 F.Y. 2020-21 No. (a) Manganese Ore,stated April-to-date (previous year),https://backend.moil.nic.in/getFiles/public/document/686f6332B0.pdf,Quantitative_Details_for_the_quarter_ended_30_09_2021.pdf,REAL_MOIL_PUBLIC
Quantitative Details for the quarter ended 30.09.2020,CUMULATIVE,2020-04-01,2020-09-30,2020,6,394000.0,326000.0,68000.0,lakh tonnes,Sr. Particulars Unit 30.09.2020 30.09.2019 F.Y. 2019-20 No. (a) Manganese Ore,stated April-to-date (Sr. Particulars Unit 30.09.2020 30.09.20),https://backend.moil.nic.in/getFiles/public/document/Y686f5d971.pdf,Quantitative_Details_for_the_quarter_ended_30_09_2020.pdf,REAL_MOIL_PUBLIC
Quantitative Details for the quarter ended 31.12.2021,CUMULATIVE,2020-04-01,2020-12-31,2020,9,741000.0,613000.0,128000.0,lakh tonnes,Sr. Particulars Unit 31.12.2021 31.12.2020 F.Y. 2020-21 No. (a) Manganese Ore,stated April-to-date (previous year),https://backend.moil.nic.in/getFiles/public/document/686f636900.pdf,Quantitative_Details_for_the_quarter_ended_31_12_2021.pdf,REAL_MOIL_PUBLIC
Quantitative Details for the quarter ended 31.12.2020,CUMULATIVE,2020-04-01,2020-12-31,2020,9,741000.0,613000.0,128000.0,lakh tonnes,Sr. Particulars Unit 31.12.2020 31.12.2019 F.Y. 2019-20 No. (a) Manganese Ore,stated April-to-date (Sr. Particulars Unit 31.12.2020 31.12.20),https://backend.moil.nic.in/getFiles/public/document/T686f5e0b1.pdf,Quantitative_Details_for_the_quarter_ended_31_12_2020.pdf,REAL_MOIL_PUBLIC
Quantitative Details for the year 2021-22,FY,2020-04-01,2021-03-31,2020,12,1144000.0,955000.0,189000.0,lakh tonnes,Sr. Particulars Unit F.Y. 2021-22 F.Y. 2020-21 No. (a) Manganese Ore,stated previous FY,https://backend.moil.nic.in/getFiles/public/document/s686f66e61.pdf,Quantitative_Details_for_the_year_2021_22.pdf,REAL_MOIL_PUBLIC
Quantitative Details for the quarter ended 31.12.2021,FY,2020-04-01,2021-03-31,2020,12,1144000.0,955000.0,189000.0,lakh tonnes,Sr. Particulars Unit 31.12.2021 31.12.2020 F.Y. 2020-21 No. (a) Manganese Ore,stated previous FY,https://backend.moil.nic.in/getFiles/public/document/686f636900.pdf,Quantitative_Details_for_the_quarter_ended_31_12_2021.pdf,REAL_MOIL_PUBLIC
Quantitative Details for the quarter ended 30.09.2021,FY,2020-04-01,2021-03-31,2020,12,1144000.0,955000.0,189000.0,lakh tonnes,Sr. Particulars Unit 30.09.2021 30.09.2020 F.Y. 2020-21 No. (a) Manganese Ore,stated previous FY,https://backend.moil.nic.in/getFiles/public/document/686f6332B0.pdf,Quantitative_Details_for_the_quarter_ended_30_09_2021.pdf,REAL_MOIL_PUBLIC
Quantitative Details for the quarter ended 30.06.2021,FY,2020-04-01,2021-03-31,2020,12,1144000.0,955000.0,189000.0,lakh tonnes,Sr. Particulars Unit 30.06.2021 30.06.2020 F.Y. 2020-21 No. (a) Manganese Ore,stated previous FY,https://backend.moil.nic.in/getFiles/public/document/t686f62f21.pdf,Quantitative_Details_for_the_quarter_ended_30_06_2021.pdf,REAL_MOIL_PUBLIC
Quantitative Details for the year 2020-21,FY,2020-04-01,2021-03-31,2020,12,1144000.0,955000.0,189000.0,lakh tonnes,Sr. Particulars Unit F.Y. 2020-21 F.Y. 2019-20 No. (a) Manganese Ore,stated FY,https://backend.moil.nic.in/getFiles/public/document/686f6242G0.pdf,Quantitative_Details_for_the_year_2020_21.pdf,REAL_MOIL_PUBLIC
Quantitative Details for the quarter ended 30.06.2022,CUMULATIVE,2021-04-01,2021-06-30,2021,3,254000.0,212000.0,42000.0,lakh tonnes,Sr. Particulars Unit 30.06.2022 30.06.2021 F.Y. 2021-22 No. (a) Manganese Ore,stated April-to-date (previous year),https://backend.moil.nic.in/getFiles/public/document/u686f67ac1.pdf,Quantitative_Details_for_the_quarter_ended_30_06_2022.pdf,REAL_MOIL_PUBLIC
Quantitative Details for the quarter ended 30.06.2021,CUMULATIVE,2021-04-01,2021-06-30,2021,3,254000.0,212000.0,42000.0,lakh tonnes,Sr. Particulars Unit 30.06.2021 30.06.2020 F.Y. 2020-21 No. (a) Manganese Ore,stated April-to-date (Sr. Particulars Unit 30.06.2021 30.06.20),https://backend.moil.nic.in/getFiles/public/document/t686f62f21.pdf,Quantitative_Details_for_the_quarter_ended_30_06_2021.pdf,REAL_MOIL_PUBLIC
Quantitative Details for the quarter ended 30.09.2022,CUMULATIVE,2021-04-01,2021-09-30,2021,6,513000.0,428000.0,84000.0,lakh tonnes,Sr. Particulars Unit 30.09.2022 30.09.2021 F.Y. 2021-22 No. (a) Manganese Ore,stated April-to-date (previous year),https://backend.moil.nic.in/getFiles/public/document/H686f67ed1.pdf,Quantitative_Details_for_the_quarter_ended_30_09_2022.pdf,REAL_MOIL_PUBLIC
Quantitative Details for the quarter ended 30.09.2021,CUMULATIVE,2021-04-01,2021-09-30,2021,6,513000.0,428000.0,84000.0,lakh tonnes,Sr. Particulars Unit 30.09.2021 30.09.2020 F.Y. 2020-21 No. (a) Manganese Ore,stated April-to-date (Sr. Particulars Unit 30.09.2021 30.09.20),https://backend.moil.nic.in/getFiles/public/document/686f6332B0.pdf,Quantitative_Details_for_the_quarter_ended_30_09_2021.pdf,REAL_MOIL_PUBLIC
Quantitative Details for the quarter ended 31.12.2022,CUMULATIVE,2021-04-01,2021-12-31,2021,9,857000.0,720000.0,137000.0,lakh tonnes,Sr. Particulars Unit 31.12.2022 31.12.2021 F.Y. 2021-22 No. (a) Manganese Ore,stated April-to-date (previous year),https://backend.moil.nic.in/getFiles/public/document/686f681d10.pdf,Quantitative_Details_for_the_quarter_ended_31_12_2022.pdf,REAL_MOIL_PUBLIC
Quantitative Details for the quarter ended 31.12.2021,CUMULATIVE,2021-04-01,2021-12-31,2021,9,857000.0,720000.0,137000.0,lakh tonnes,Sr. Particulars Unit 31.12.2021 31.12.2020 F.Y. 2020-21 No. (a) Manganese Ore,stated April-to-date (Sr. Particulars Unit 31.12.2021 31.12.20),https://backend.moil.nic.in/getFiles/public/document/686f636900.pdf,Quantitative_Details_for_the_quarter_ended_31_12_2021.pdf,REAL_MOIL_PUBLIC
Quantitative Details for the year 2022-23,FY,2021-04-01,2022-03-31,2021,12,1231000.0,1026000.0,206000.0,lakh tonnes,Sr. Particulars Unit F.Y. 2022-23 F.Y. 2021-22 No. (a) Manganese Ore,stated previous FY,https://backend.moil.nic.in/getFiles/public/document/686f686c60.pdf,Quantitative_Details_for_the_year_2022_23.pdf,REAL_MOIL_PUBLIC
Quantitative Details for the quarter ended 31.12.2022,FY,2021-04-01,2022-03-31,2021,12,1231000.0,1026000.0,206000.0,lakh tonnes,Sr. Particulars Unit 31.12.2022 31.12.2021 F.Y. 2021-22 No. (a) Manganese Ore,stated previous FY,https://backend.moil.nic.in/getFiles/public/document/686f681d10.pdf,Quantitative_Details_for_the_quarter_ended_31_12_2022.pdf,REAL_MOIL_PUBLIC
Quantitative Details for the quarter ended 30.09.2022,FY,2021-04-01,2022-03-31,2021,12,1231000.0,1026000.0,206000.0,lakh tonnes,Sr. Particulars Unit 30.09.2022 30.09.2021 F.Y. 2021-22 No. (a) Manganese Ore,stated previous FY,https://backend.moil.nic.in/getFiles/public/document/H686f67ed1.pdf,Quantitative_Details_for_the_quarter_ended_30_09_2022.pdf,REAL_MOIL_PUBLIC
Quantitative Details for the quarter ended 30.06.2022,FY,2021-04-01,2022-03-31,2021,12,1232000.0,1026000.0,206000.0,lakh tonnes,Sr. Particulars Unit 30.06.2022 30.06.2021 F.Y. 2021-22 No. (a) Manganese Ore,stated previous FY,https://backend.moil.nic.in/getFiles/public/document/u686f67ac1.pdf,Quantitative_Details_for_the_quarter_ended_30_06_2022.pdf,REAL_MOIL_PUBLIC
Quantitative Details for the year 2021-22,FY,2021-04-01,2022-03-31,2021,12,1231000.0,1026000.0,206000.0,lakh tonnes,Sr. Particulars Unit F.Y. 2021-22 F.Y. 2020-21 No. (a) Manganese Ore,stated FY,https://backend.moil.nic.in/getFiles/public/document/s686f66e61.pdf,Quantitative_Details_for_the_year_2021_22.pdf,REAL_MOIL_PUBLIC
Quantitative Details for the quarter ended 30.06.2023,CUMULATIVE,2022-04-01,2022-06-30,2022,3,322000.0,268000.0,54000.0,lakh tonnes,Sr. Particulars Unit 30.06.2023 30.06.2022 F.Y. 2022-23 No. (a) Manganese Ore,stated April-to-date (previous year),https://backend.moil.nic.in/getFiles/public/document/686f696dU0.pdf,Quantitative_Details_for_the_quarter_ended_30_06_2023.pdf,REAL_MOIL_PUBLIC
Quantitative Details for the quarter ended 30.06.2022,CUMULATIVE,2022-04-01,2022-06-30,2022,3,322000.0,268000.0,54000.0,lakh tonnes,Sr. Particulars Unit 30.06.2022 30.06.2021 F.Y. 2021-22 No. (a) Manganese Ore,stated April-to-date (Sr. Particulars Unit 30.06.2022 30.06.20),https://backend.moil.nic.in/getFiles/public/document/u686f67ac1.pdf,Quantitative_Details_for_the_quarter_ended_30_06_2022.pdf,REAL_MOIL_PUBLIC
Quantitative Details for the quarter ended 30.09.2023,CUMULATIVE,2022-04-01,2022-09-30,2022,6,563000.0,473000.0,90000.0,lakh tonnes,Sr. Particulars Unit 30.09.2023 30.09.2022 F.Y. 2022-23 No. (a) Manganese Ore,stated April-to-date (previous year),https://backend.moil.nic.in/getFiles/public/document/L686f69a81.pdf,Quantitative_Details_for_the_quarter_ended_30_09_2023.pdf,REAL_MOIL_PUBLIC
Quantitative Details for the quarter ended 30.09.2022,CUMULATIVE,2022-04-01,2022-09-30,2022,6,563000.0,473000.0,90000.0,lakh tonnes,Sr. Particulars Unit 30.09.2022 30.09.2021 F.Y. 2021-22 No. (a) Manganese Ore,stated April-to-date (Sr. Particulars Unit 30.09.2022 30.09.20),https://backend.moil.nic.in/getFiles/public/document/H686f67ed1.pdf,Quantitative_Details_for_the_quarter_ended_30_09_2022.pdf,REAL_MOIL_PUBLIC
Quantitative Details for the quarter ended 31.12.2023,CUMULATIVE,2022-04-01,2022-12-31,2022,9,900000.0,756000.0,144000.0,lakh tonnes,Sr. Particulars Unit 31.12.2023 31.12.2022 F.Y. 2022-23 No. (a) Manganese Ore,stated April-to-date (previous year),https://backend.moil.nic.in/getFiles/public/document/8686f690e1.pdf,Quantitative_Details_for_the_quarter_ended_31_12_2023.pdf,REAL_MOIL_PUBLIC
Quantitative Details for the quarter ended 31.12.2022,CUMULATIVE,2022-04-01,2022-12-31,2022,9,900000.0,756000.0,144000.0,lakh tonnes,Sr. Particulars Unit 31.12.2022 31.12.2021 F.Y. 2021-22 No. (a) Manganese Ore,stated April-to-date (Sr. Particulars Unit 31.12.2022 31.12.20),https://backend.moil.nic.in/getFiles/public/document/686f681d10.pdf,Quantitative_Details_for_the_quarter_ended_31_12_2022.pdf,REAL_MOIL_PUBLIC
Quantitative Details for the year 2023-24,FY,2022-04-01,2023-03-31,2022,12,1302000.0,1096000.0,206000.0,lakh tonnes,Sr. Particulars Unit F.Y. 2023-24 F.Y. 2022-23 No. (a) Manganese Ore,stated previous FY,https://backend.moil.nic.in/getFiles/public/document/686f69edJ0.pdf,Quantitative_Details_for_the_year_2023_24.pdf,REAL_MOIL_PUBLIC
Quantitative Details for the quarter ended 31.12.2023,FY,2022-04-01,2023-03-31,2022,12,1302000.0,1096000.0,207000.0,lakh tonnes,Sr. Particulars Unit 31.12.2023 31.12.2022 F.Y. 2022-23 No. (a) Manganese Ore,stated previous FY,https://backend.moil.nic.in/getFiles/public/document/8686f690e1.pdf,Quantitative_Details_for_the_quarter_ended_31_12_2023.pdf,REAL_MOIL_PUBLIC
Quantitative Details for the quarter ended 30.09.2023,FY,2022-04-01,2023-03-31,2022,12,1302000.0,1096000.0,207000.0,lakh tonnes,Sr. Particulars Unit 30.09.2023 30.09.2022 F.Y. 2022-23 No. (a) Manganese Ore,stated previous FY,https://backend.moil.nic.in/getFiles/public/document/L686f69a81.pdf,Quantitative_Details_for_the_quarter_ended_30_09_2023.pdf,REAL_MOIL_PUBLIC
Quantitative Details for the quarter ended 30.06.2023,FY,2022-04-01,2023-03-31,2022,12,1302000.0,1096000.0,207000.0,lakh tonnes,Sr. Particulars Unit 30.06.2023 30.06.2022 F.Y. 2022-23 No. (a) Manganese Ore,stated previous FY,https://backend.moil.nic.in/getFiles/public/document/686f696dU0.pdf,Quantitative_Details_for_the_quarter_ended_30_06_2023.pdf,REAL_MOIL_PUBLIC
Quantitative Details for the year 2022-23,FY,2022-04-01,2023-03-31,2022,12,1302000.0,1096000.0,206000.0,lakh tonnes,Sr. Particulars Unit F.Y. 2022-23 F.Y. 2021-22 No. (a) Manganese Ore,stated FY,https://backend.moil.nic.in/getFiles/public/document/686f686c60.pdf,Quantitative_Details_for_the_year_2022_23.pdf,REAL_MOIL_PUBLIC
Quantitative Details for the quarter ended 30.06.2024,CUMULATIVE,2023-04-01,2023-06-30,2023,3,436000.0,360000.0,76000.0,lakh tonnes,Sr. Particulars Unit 30.06.2024 30.06.2023 F.Y. 2023-24 No. (a) Manganese Ore,stated April-to-date (previous year),https://backend.moil.nic.in/getFiles/public/document/8686f6a281.pdf,Quantitative_Details_for_the_quarter_ended_30_06_2024.pdf,REAL_MOIL_PUBLIC
Quantitative Details for the quarter ended 30.06.2023,CUMULATIVE,2023-04-01,2023-06-30,2023,3,436000.0,360000.0,76000.0,lakh tonnes,Sr. Particulars Unit 30.06.2023 30.06.2022 F.Y. 2022-23 No. (a) Manganese Ore,stated April-to-date (Sr. Particulars Unit 30.06.2023 30.06.20),https://backend.moil.nic.in/getFiles/public/document/686f696dU0.pdf,Quantitative_Details_for_the_quarter_ended_30_06_2023.pdf,REAL_MOIL_PUBLIC
Quantitative Details for the quarter ended 30.09.2024,CUMULATIVE,2023-04-01,2023-09-30,2023,6,814000.0,688000.0,126000.0,lakh tonnes,Sr. Particulars Unit 30.09.2024 30.09.2023 F.Y. 2023-24 No. (a) Manganese Ore,stated April-to-date (previous year),https://backend.moil.nic.in/getFiles/public/document/C686f6b081.pdf,Quantitative_Details_for_the_quarter_ended_30_09_2024.pdf,REAL_MOIL_PUBLIC
Quantitative Details for the quarter ended 30.09.2023,CUMULATIVE,2023-04-01,2023-09-30,2023,6,814000.0,688000.0,126000.0,lakh tonnes,Sr. Particulars Unit 30.09.2023 30.09.2022 F.Y. 2022-23 No. (a) Manganese Ore,stated April-to-date (Sr. Particulars Unit 30.09.2023 30.09.20),https://backend.moil.nic.in/getFiles/public/document/L686f69a81.pdf,Quantitative_Details_for_the_quarter_ended_30_09_2023.pdf,REAL_MOIL_PUBLIC
Quantitative Details for the quarter ended 31.12.2024,CUMULATIVE,2023-04-01,2023-12-31,2023,9,1273000.0,1080000.0,193000.0,lakh tonnes,Sr. Particulars Unit 31.12.2024 31.12.2023 F.Y. 2023-24 No. (a) Manganese Ore,stated April-to-date (previous year),https://backend.moil.nic.in/getFiles/public/document/i686f6b451.pdf,Quantitative_Details_for_the_quarter_ended_31_12_2024.pdf,REAL_MOIL_PUBLIC
Quantitative Details for the quarter ended 31.12.2023,CUMULATIVE,2023-04-01,2023-12-31,2023,9,1273000.0,1080000.0,193000.0,lakh tonnes,Sr. Particulars Unit 31.12.2023 31.12.2022 F.Y. 2022-23 No. (a) Manganese Ore,stated April-to-date (Sr. Particulars Unit 31.12.2023 31.12.20),https://backend.moil.nic.in/getFiles/public/document/8686f690e1.pdf,Quantitative_Details_for_the_quarter_ended_31_12_2023.pdf,REAL_MOIL_PUBLIC
Quantitative Details for the year 2024-25,FY,2023-04-01,2024-03-31,2023,12,1756000.0,1475000.0,281000.0,lakh tonnes,Sr. Particulars Unit FY 2024-25 F.Y. 2023-24 No. (a) Manganese Ore,stated previous FY,https://backend.moil.nic.in/getFiles/public/document/l686f6b831.pdf,Quantitative_Details_for_the_year_2024_25.pdf,REAL_MOIL_PUBLIC
Quantitative Details for the quarter ended 31.12.2024,FY,2023-04-01,2024-03-31,2023,12,1756000.0,1475000.0,281000.0,lakh tonnes,Sr. Particulars Unit 31.12.2024 31.12.2023 F.Y. 2023-24 No. (a) Manganese Ore,stated previous FY,https://backend.moil.nic.in/getFiles/public/document/i686f6b451.pdf,Quantitative_Details_for_the_quarter_ended_31_12_2024.pdf,REAL_MOIL_PUBLIC
Quantitative Details for the quarter ended 30.09.2024,FY,2023-04-01,2024-03-31,2023,12,1756000.0,1475000.0,281000.0,lakh tonnes,Sr. Particulars Unit 30.09.2024 30.09.2023 F.Y. 2023-24 No. (a) Manganese Ore,stated previous FY,https://backend.moil.nic.in/getFiles/public/document/C686f6b081.pdf,Quantitative_Details_for_the_quarter_ended_30_09_2024.pdf,REAL_MOIL_PUBLIC
Quantitative Details for the quarter ended 30.06.2024,FY,2023-04-01,2024-03-31,2023,12,1756000.0,1475000.0,281000.0,lakh tonnes,Sr. Particulars Unit 30.06.2024 30.06.2023 F.Y. 2023-24 No. (a) Manganese Ore,stated previous FY,https://backend.moil.nic.in/getFiles/public/document/8686f6a281.pdf,Quantitative_Details_for_the_quarter_ended_30_06_2024.pdf,REAL_MOIL_PUBLIC
Quantitative Details for the year 2023-24,FY,2023-04-01,2024-03-31,2023,12,1756000.0,1475000.0,281000.0,lakh tonnes,Sr. Particulars Unit F.Y. 2023-24 F.Y. 2022-23 No. (a) Manganese Ore,stated FY,https://backend.moil.nic.in/getFiles/public/document/686f69edJ0.pdf,Quantitative_Details_for_the_year_2023_24.pdf,REAL_MOIL_PUBLIC
Quantitative Details for the quarter ended 30.06.2025,CUMULATIVE,2024-04-01,2024-06-30,2024,3,470000.0,389000.0,81000.0,lakh tonnes,Sr. Particulars Unit 30.06.2025 30.06.2024 F.Y. 2023-24 No. (a) Manganese Ore,stated April-to-date (previous year),https://backend.moil.nic.in/getFiles/public/document/E69c3ce4a1-Quantitative Details_30_06_2025.pdf,Quantitative_Details_for_the_quarter_ended_30_06_2025.pdf,REAL_MOIL_PUBLIC
Quantitative Details for the quarter ended 30.06.2024,CUMULATIVE,2024-04-01,2024-06-30,2024,3,470000.0,389000.0,81000.0,lakh tonnes,Sr. Particulars Unit 30.06.2024 30.06.2023 F.Y. 2023-24 No. (a) Manganese Ore,stated April-to-date (Sr. Particulars Unit 30.06.2024 30.06.20),https://backend.moil.nic.in/getFiles/public/document/8686f6a281.pdf,Quantitative_Details_for_the_quarter_ended_30_06_2024.pdf,REAL_MOIL_PUBLIC
Quantitative Details for the quarter ended 30.09.2025,CUMULATIVE,2024-04-01,2024-09-30,2024,6,870000.0,740000.0,130000.0,lakh tonnes,Sr. Particulars Unit 30.09.2025 30.09.2024 F.Y. 2024-25 No. (a) Manganese Ore,stated April-to-date (previous year),https://backend.moil.nic.in/getFiles/public/document/X69c3cf041-Quantitative Details_30_09_2025.pdf,Quantitative_Details_for_the_quarter_ended_30_09_2025.pdf,REAL_MOIL_PUBLIC
Quantitative Details for the quarter ended 30.09.2024,CUMULATIVE,2024-04-01,2024-09-30,2024,6,870000.0,740000.0,130000.0,lakh tonnes,Sr. Particulars Unit 30.09.2024 30.09.2023 F.Y. 2023-24 No. (a) Manganese Ore,stated April-to-date (Sr. Particulars Unit 30.09.2024 30.09.20),https://backend.moil.nic.in/getFiles/public/document/C686f6b081.pdf,Quantitative_Details_for_the_quarter_ended_30_09_2024.pdf,REAL_MOIL_PUBLIC
Quantitative Details for the quarter ended 31.12.2025,CUMULATIVE,2024-04-01,2024-12-31,2024,9,1330000.0,1116000.0,214000.0,lakh tonnes,Sr. Particulars Unit 31.12.2025 31.12.2024 F.Y. 2024-25 No. (a) Manganese Ore,stated April-to-date (previous year),https://backend.moil.nic.in/getFiles/public/document/69c3cf78s0-Quantitative_Details_31122025.pdf,Quantitative_Details_for_the_quarter_ended_31_12_2025.pdf,REAL_MOIL_PUBLIC
Quantitative Details for the quarter ended 31.12.2024,CUMULATIVE,2024-04-01,2024-12-31,2024,9,1330000.0,1116000.0,214000.0,lakh tonnes,Sr. Particulars Unit 31.12.2024 31.12.2023 F.Y. 2023-24 No. (a) Manganese Ore,stated April-to-date (Sr. Particulars Unit 31.12.2024 31.12.20),https://backend.moil.nic.in/getFiles/public/document/i686f6b451.pdf,Quantitative_Details_for_the_quarter_ended_31_12_2024.pdf,REAL_MOIL_PUBLIC
Quantitative Details for the year 2025-26,FY,2024-04-01,2025-03-31,2024,12,1803000.0,1491000.0,312000.0,lakh tonnes,Sr. Particulars Unit FY 2025-26 FY 2024-25 No. (a) Manganese Ore,stated previous FY,https://backend.moil.nic.in/getFiles/public/document/p6a30fd691-Quantitative Details_31.03.2026_.pdf,Quantitative_Details_for_the_year_2025_26.pdf,REAL_MOIL_PUBLIC
Quantitative Details for the quarter ended 31.12.2025,FY,2024-04-01,2025-03-31,2024,12,1803000.0,1491000.0,312000.0,lakh tonnes,Sr. Particulars Unit 31.12.2025 31.12.2024 F.Y. 2024-25 No. (a) Manganese Ore,stated previous FY,https://backend.moil.nic.in/getFiles/public/document/69c3cf78s0-Quantitative_Details_31122025.pdf,Quantitative_Details_for_the_quarter_ended_31_12_2025.pdf,REAL_MOIL_PUBLIC
Quantitative Details for the quarter ended 30.09.2025,FY,2024-04-01,2025-03-31,2024,12,1803000.0,1491000.0,312000.0,lakh tonnes,Sr. Particulars Unit 30.09.2025 30.09.2024 F.Y. 2024-25 No. (a) Manganese Ore,stated previous FY,https://backend.moil.nic.in/getFiles/public/document/X69c3cf041-Quantitative Details_30_09_2025.pdf,Quantitative_Details_for_the_quarter_ended_30_09_2025.pdf,REAL_MOIL_PUBLIC
Quantitative Details for the quarter ended 30.06.2025,FY,2024-04-01,2025-03-31,2024,12,1803000.0,1491000.0,312000.0,lakh tonnes,Sr. Particulars Unit 30.06.2025 30.06.2024 F.Y. 2023-24 No. (a) Manganese Ore,stated previous FY,https://backend.moil.nic.in/getFiles/public/document/E69c3ce4a1-Quantitative Details_30_06_2025.pdf,Quantitative_Details_for_the_quarter_ended_30_06_2025.pdf,REAL_MOIL_PUBLIC
Quantitative Details for the year 2024-25,FY,2024-04-01,2025-03-31,2024,12,1803000.0,1491000.0,312000.0,lakh tonnes,Sr. Particulars Unit FY 2024-25 F.Y. 2023-24 No. (a) Manganese Ore,stated FY,https://backend.moil.nic.in/getFiles/public/document/l686f6b831.pdf,Quantitative_Details_for_the_year_2024_25.pdf,REAL_MOIL_PUBLIC
Quantitative Details for the quarter ended 30.06.2026,CUMULATIVE,2025-04-01,2025-06-30,2025,3,502000.0,442000.0,60000.0,lakh tonnes,Sr. Particulars Unit 30.06.2026 30.06.2025 FY 2025-26 No. (a) Manganese Ore,stated April-to-date (previous year),https://backend.moil.nic.in/getFiles/public/document/k6a69f8b41-Quantitative_Details_30.06.2026.pdf,Quantitative_Details_for_the_quarter_ended_30_06_2026.pdf,REAL_MOIL_PUBLIC
Quantitative Details for the quarter ended 30.06.2025,CUMULATIVE,2025-04-01,2025-06-30,2025,3,502000.0,442000.0,60000.0,lakh tonnes,Sr. Particulars Unit 30.06.2025 30.06.2024 F.Y. 2023-24 No. (a) Manganese Ore,stated April-to-date (Sr. Particulars Unit 30.06.2025 30.06.20),https://backend.moil.nic.in/getFiles/public/document/E69c3ce4a1-Quantitative Details_30_06_2025.pdf,Quantitative_Details_for_the_quarter_ended_30_06_2025.pdf,REAL_MOIL_PUBLIC
Quantitative Details for the quarter ended 30.09.2025,CUMULATIVE,2025-04-01,2025-09-30,2025,6,944000.0,836000.0,108000.0,lakh tonnes,Sr. Particulars Unit 30.09.2025 30.09.2024 F.Y. 2024-25 No. (a) Manganese Ore,stated April-to-date (Sr. Particulars Unit 30.09.2025 30.09.20),https://backend.moil.nic.in/getFiles/public/document/X69c3cf041-Quantitative Details_30_09_2025.pdf,Quantitative_Details_for_the_quarter_ended_30_09_2025.pdf,REAL_MOIL_PUBLIC
Quantitative Details for the quarter ended 31.12.2025,CUMULATIVE,2025-04-01,2025-12-31,2025,9,1421000.0,1236000.0,185000.0,lakh tonnes,Sr. Particulars Unit 31.12.2025 31.12.2024 F.Y. 2024-25 No. (a) Manganese Ore,stated April-to-date (Sr. Particulars Unit 31.12.2025 31.12.20),https://backend.moil.nic.in/getFiles/public/document/69c3cf78s0-Quantitative_Details_31122025.pdf,Quantitative_Details_for_the_quarter_ended_31_12_2025.pdf,REAL_MOIL_PUBLIC
Quantitative Details for the quarter ended 30.06.2026,FY,2025-04-01,2026-03-31,2025,12,1907000.0,1624000.0,283000.0,lakh tonnes,Sr. Particulars Unit 30.06.2026 30.06.2025 FY 2025-26 No. (a) Manganese Ore,stated previous FY,https://backend.moil.nic.in/getFiles/public/document/k6a69f8b41-Quantitative_Details_30.06.2026.pdf,Quantitative_Details_for_the_quarter_ended_30_06_2026.pdf,REAL_MOIL_PUBLIC
Quantitative Details for the year 2025-26,FY,2025-04-01,2026-03-31,2025,12,1907000.0,1624000.0,283000.0,lakh tonnes,Sr. Particulars Unit FY 2025-26 FY 2024-25 No. (a) Manganese Ore,stated FY,https://backend.moil.nic.in/getFiles/public/document/p6a30fd691-Quantitative Details_31.03.2026_.pdf,Quantitative_Details_for_the_year_2025_26.pdf,REAL_MOIL_PUBLIC
Quantitative Details for the quarter ended 30.06.2026,CUMULATIVE,2026-04-01,2026-06-30,2026,3,507000.0,414000.0,93000.0,lakh tonnes,Sr. Particulars Unit 30.06.2026 30.06.2025 FY 2025-26 No. (a) Manganese Ore,stated April-to-date (Sr. Particulars Unit 30.06.2026 30.06.20),https://backend.moil.nic.in/getFiles/public/document/k6a69f8b41-Quantitative_Details_30.06.2026.pdf,Quantitative_Details_for_the_quarter_ended_30_06_2026.pdf,REAL_MOIL_PUBLIC
