borehole_id,target_id,scenario,latitude,longitude,azimuth,dip,total_depth_m,bed_dip_deg,formation_context,generation_basis,provenance
SIM_T01_POS_BH01,T01,POSITIVE_DRILLING_INTERSECTION,21.935862,80.308083,335.9,-60.0,52.2,61.3,Sausar Group (Mansar Formation host),NMET-reported structure/depths + target prospectivity,SIMULATED
SIM_T01_POS_BH02,T01,POSITIVE_DRILLING_INTERSECTION,21.936422,80.305387,336.5,-60.0,81.7,71.8,Sausar Group (Mansar Formation host),NMET-reported structure/depths + target prospectivity,SIMULATED
SIM_T01_POS_BH03,T01,POSITIVE_DRILLING_INTERSECTION,21.9358,80.301989,336.2,-60.0,55.9,48.1,Sausar Group (Mansar Formation host),NMET-reported structure/depths + target prospectivity,SIMULATED
SIM_T01_NEG_BH01,T01,NEGATIVE_DRILLING_RESULT,21.935714,80.306727,328.1,-60.0,74.7,46.5,Sausar Group (Mansar Formation host),NMET-reported structure/depths + target prospectivity,SIMULATED
SIM_T01_NEG_BH02,T01,NEGATIVE_DRILLING_RESULT,21.935829,80.301821,318.7,-60.0,74.3,47.9,Sausar Group (Mansar Formation host),NMET-reported structure/depths + target prospectivity,SIMULATED
SIM_T01_NEG_BH03,T01,NEGATIVE_DRILLING_RESULT,21.935561,80.307336,341.3,-60.0,83.6,48.8,Sausar Group (Mansar Formation host),NMET-reported structure/depths + target prospectivity,SIMULATED
SIM_T01_AMB_BH01,T01,AMBIGUOUS_DRILLING_RESULT,21.935892,80.30289,327.7,-60.0,62.8,63.0,Sausar Group (Mansar Formation host),NMET-reported structure/depths + target prospectivity,SIMULATED
SIM_T01_AMB_BH02,T01,AMBIGUOUS_DRILLING_RESULT,21.933211,80.305087,336.1,-60.0,93.7,66.0,Sausar Group (Mansar Formation host),NMET-reported structure/depths + target prospectivity,SIMULATED
SIM_T01_AMB_BH03,T01,AMBIGUOUS_DRILLING_RESULT,21.935485,80.304153,329.2,-60.0,96.2,55.0,Sausar Group (Mansar Formation host),NMET-reported structure/depths + target prospectivity,SIMULATED
SIM_T02_POS_BH01,T02,POSITIVE_DRILLING_INTERSECTION,21.907986,80.361647,343.9,-60.0,59.1,46.5,Sausar Group (Mansar Formation host),NMET-reported structure/depths + target prospectivity,SIMULATED
SIM_T02_POS_BH02,T02,POSITIVE_DRILLING_INTERSECTION,21.903131,80.3611,345.8,-60.0,69.0,56.5,Sausar Group (Mansar Formation host),NMET-reported structure/depths + target prospectivity,SIMULATED
SIM_T02_POS_BH03,T02,POSITIVE_DRILLING_INTERSECTION,21.905018,80.353917,343.0,-60.0,58.6,66.6,Sausar Group (Mansar Formation host),NMET-reported structure/depths + target prospectivity,SIMULATED
SIM_T02_NEG_BH01,T02,NEGATIVE_DRILLING_RESULT,21.902313,80.356855,342.0,-60.0,69.2,60.3,Sausar Group (Mansar Formation host),NMET-reported structure/depths + target prospectivity,SIMULATED
SIM_T02_NEG_BH02,T02,NEGATIVE_DRILLING_RESULT,21.906419,80.355295,327.5,-60.0,84.3,65.6,Sausar Group (Mansar Formation host),NMET-reported structure/depths + target prospectivity,SIMULATED
SIM_T02_NEG_BH03,T02,NEGATIVE_DRILLING_RESULT,21.902475,80.358776,347.6,-60.0,55.3,74.3,Sausar Group (Mansar Formation host),NMET-reported structure/depths + target prospectivity,SIMULATED
SIM_T02_AMB_BH01,T02,AMBIGUOUS_DRILLING_RESULT,21.899133,80.357143,347.5,-60.0,90.1,66.2,Sausar Group (Mansar Formation host),NMET-reported structure/depths + target prospectivity,SIMULATED
SIM_T02_AMB_BH02,T02,AMBIGUOUS_DRILLING_RESULT,21.902732,80.35636,333.5,-60.0,58.7,69.8,Sausar Group (Mansar Formation host),NMET-reported structure/depths + target prospectivity,SIMULATED
SIM_T02_AMB_BH03,T02,AMBIGUOUS_DRILLING_RESULT,21.900621,80.354354,328.8,-60.0,70.6,67.2,Sausar Group (Mansar Formation host),NMET-reported structure/depths + target prospectivity,SIMULATED
SIM_T03_POS_BH01,T03,POSITIVE_DRILLING_INTERSECTION,21.987689,80.383337,333.1,-60.0,50.5,67.4,Sausar Group (Mansar Formation host),NMET-reported structure/depths + target prospectivity,SIMULATED
SIM_T03_POS_BH02,T03,POSITIVE_DRILLING_INTERSECTION,21.983627,80.380348,342.5,-60.0,74.7,65.5,Sausar Group (Mansar Formation host),NMET-reported structure/depths + target prospectivity,SIMULATED
SIM_T03_POS_BH03,T03,POSITIVE_DRILLING_INTERSECTION,21.9888,80.383479,338.4,-60.0,81.5,77.1,Sausar Group (Mansar Formation host),NMET-reported structure/depths + target prospectivity,SIMULATED
SIM_T03_NEG_BH01,T03,NEGATIVE_DRILLING_RESULT,21.987498,80.385643,323.5,-60.0,98.5,67.9,Sausar Group (Mansar Formation host),NMET-reported structure/depths + target prospectivity,SIMULATED
SIM_T03_NEG_BH02,T03,NEGATIVE_DRILLING_RESULT,21.988526,80.382896,323.1,-60.0,90.1,64.4,Sausar Group (Mansar Formation host),NMET-reported structure/depths + target prospectivity,SIMULATED
SIM_T03_NEG_BH03,T03,NEGATIVE_DRILLING_RESULT,21.987064,80.382538,333.8,-60.0,81.1,53.2,Sausar Group (Mansar Formation host),NMET-reported structure/depths + target prospectivity,SIMULATED
SIM_T03_AMB_BH01,T03,AMBIGUOUS_DRILLING_RESULT,21.988159,80.383049,325.1,-60.0,94.3,54.6,Sausar Group (Mansar Formation host),NMET-reported structure/depths + target prospectivity,SIMULATED
SIM_T03_AMB_BH02,T03,AMBIGUOUS_DRILLING_RESULT,21.986315,80.381837,322.9,-60.0,87.6,78.6,Sausar Group (Mansar Formation host),NMET-reported structure/depths + target prospectivity,SIMULATED
SIM_T03_AMB_BH03,T03,AMBIGUOUS_DRILLING_RESULT,21.98615,80.382628,337.5,-60.0,55.1,64.7,Sausar Group (Mansar Formation host),NMET-reported structure/depths + target prospectivity,SIMULATED
SIM_T04_POS_BH01,T04,POSITIVE_DRILLING_INTERSECTION,21.397259,79.42628,341.0,-60.0,62.1,66.7,Sausar Group (Mansar Formation host),NMET-reported structure/depths + target prospectivity,SIMULATED
SIM_T04_POS_BH02,T04,POSITIVE_DRILLING_INTERSECTION,21.398188,79.42744,356.8,-60.0,67.3,46.0,Sausar Group (Mansar Formation host),NMET-reported structure/depths + target prospectivity,SIMULATED
SIM_T04_POS_BH03,T04,POSITIVE_DRILLING_INTERSECTION,21.396799,79.431022,343.9,-60.0,63.7,66.8,Sausar Group (Mansar Formation host),NMET-reported structure/depths + target prospectivity,SIMULATED
SIM_T04_NEG_BH01,T04,NEGATIVE_DRILLING_RESULT,21.399846,79.427721,335.2,-60.0,69.8,76.1,Sausar Group (Mansar Formation host),NMET-reported structure/depths + target prospectivity,SIMULATED
SIM_T04_NEG_BH02,T04,NEGATIVE_DRILLING_RESULT,21.39854,79.428494,331.1,-60.0,78.5,72.4,Sausar Group (Mansar Formation host),NMET-reported structure/depths + target prospectivity,SIMULATED
SIM_T04_NEG_BH03,T04,NEGATIVE_DRILLING_RESULT,21.397885,79.431938,336.4,-60.0,80.4,56.2,Sausar Group (Mansar Formation host),NMET-reported structure/depths + target prospectivity,SIMULATED
SIM_T04_AMB_BH01,T04,AMBIGUOUS_DRILLING_RESULT,21.400962,79.427316,335.9,-60.0,94.1,71.4,Sausar Group (Mansar Formation host),NMET-reported structure/depths + target prospectivity,SIMULATED
SIM_T04_AMB_BH02,T04,AMBIGUOUS_DRILLING_RESULT,21.397634,79.428885,335.9,-60.0,54.8,64.4,Sausar Group (Mansar Formation host),NMET-reported structure/depths + target prospectivity,SIMULATED
SIM_T04_AMB_BH03,T04,AMBIGUOUS_DRILLING_RESULT,21.402173,79.431059,353.6,-60.0,85.5,53.6,Sausar Group (Mansar Formation host),NMET-reported structure/depths + target prospectivity,SIMULATED
SIM_T05_POS_BH01,T05,POSITIVE_DRILLING_INTERSECTION,21.821869,80.224434,338.9,-60.0,53.1,54.8,Sausar Group (Mansar Formation host),NMET-reported structure/depths + target prospectivity,SIMULATED
SIM_T05_POS_BH02,T05,POSITIVE_DRILLING_INTERSECTION,21.821806,80.22568,346.7,-60.0,70.4,57.0,Sausar Group (Mansar Formation host),NMET-reported structure/depths + target prospectivity,SIMULATED
SIM_T05_POS_BH03,T05,POSITIVE_DRILLING_INTERSECTION,21.821791,80.227091,351.9,-60.0,80.5,78.4,Sausar Group (Mansar Formation host),NMET-reported structure/depths + target prospectivity,SIMULATED
SIM_T05_NEG_BH01,T05,NEGATIVE_DRILLING_RESULT,21.821679,80.222856,344.6,-60.0,93.0,73.6,Sausar Group (Mansar Formation host),NMET-reported structure/depths + target prospectivity,SIMULATED
SIM_T05_NEG_BH02,T05,NEGATIVE_DRILLING_RESULT,21.822288,80.224698,344.3,-60.0,96.6,66.7,Sausar Group (Mansar Formation host),NMET-reported structure/depths + target prospectivity,SIMULATED
SIM_T05_NEG_BH03,T05,NEGATIVE_DRILLING_RESULT,21.824253,80.228158,344.9,-60.0,82.6,69.0,Sausar Group (Mansar Formation host),NMET-reported structure/depths + target prospectivity,SIMULATED
SIM_T05_AMB_BH01,T05,AMBIGUOUS_DRILLING_RESULT,21.819496,80.224519,341.0,-60.0,87.4,56.3,Sausar Group (Mansar Formation host),NMET-reported structure/depths + target prospectivity,SIMULATED
SIM_T05_AMB_BH02,T05,AMBIGUOUS_DRILLING_RESULT,21.821874,80.224822,340.0,-60.0,86.9,58.8,Sausar Group (Mansar Formation host),NMET-reported structure/depths + target prospectivity,SIMULATED
SIM_T05_AMB_BH03,T05,AMBIGUOUS_DRILLING_RESULT,21.818785,80.22303,331.4,-60.0,82.8,52.7,Sausar Group (Mansar Formation host),NMET-reported structure/depths + target prospectivity,SIMULATED
SIM_T06_POS_BH01,T06,POSITIVE_DRILLING_INTERSECTION,21.873279,80.1643,328.0,-60.0,55.0,77.5,Sausar Group (Mansar Formation host),NMET-reported structure/depths + target prospectivity,SIMULATED
SIM_T06_POS_BH02,T06,POSITIVE_DRILLING_INTERSECTION,21.874897,80.172167,334.7,-60.0,55.2,51.8,Sausar Group (Mansar Formation host),NMET-reported structure/depths + target prospectivity,SIMULATED
SIM_T06_POS_BH03,T06,POSITIVE_DRILLING_INTERSECTION,21.879799,80.16805,343.7,-60.0,83.4,65.9,Sausar Group (Mansar Formation host),NMET-reported structure/depths + target prospectivity,SIMULATED
SIM_T06_NEG_BH01,T06,NEGATIVE_DRILLING_RESULT,21.874585,80.166869,340.5,-60.0,98.2,78.8,Sausar Group (Mansar Formation host),NMET-reported structure/depths + target prospectivity,SIMULATED
SIM_T06_NEG_BH02,T06,NEGATIVE_DRILLING_RESULT,21.87555,80.169608,345.7,-60.0,55.9,59.6,Sausar Group (Mansar Formation host),NMET-reported structure/depths + target prospectivity,SIMULATED
SIM_T06_NEG_BH03,T06,NEGATIVE_DRILLING_RESULT,21.873722,80.168552,347.4,-60.0,73.1,46.4,Sausar Group (Mansar Formation host),NMET-reported structure/depths + target prospectivity,SIMULATED
SIM_T06_AMB_BH01,T06,AMBIGUOUS_DRILLING_RESULT,21.874835,80.17342,343.3,-60.0,51.8,60.1,Sausar Group (Mansar Formation host),NMET-reported structure/depths + target prospectivity,SIMULATED
SIM_T06_AMB_BH02,T06,AMBIGUOUS_DRILLING_RESULT,21.878819,80.16577,348.3,-60.0,54.7,78.8,Sausar Group (Mansar Formation host),NMET-reported structure/depths + target prospectivity,SIMULATED
SIM_T06_AMB_BH03,T06,AMBIGUOUS_DRILLING_RESULT,21.880625,80.170005,338.2,-60.0,57.9,46.2,Sausar Group (Mansar Formation host),NMET-reported structure/depths + target prospectivity,SIMULATED
SIM_T07_POS_BH01,T07,POSITIVE_DRILLING_INTERSECTION,21.360787,79.313614,336.7,-60.0,99.1,46.8,Sausar Group (Mansar Formation host),NMET-reported structure/depths + target prospectivity,SIMULATED
SIM_T07_POS_BH02,T07,POSITIVE_DRILLING_INTERSECTION,21.356879,79.314418,338.4,-60.0,59.9,49.6,Sausar Group (Mansar Formation host),NMET-reported structure/depths + target prospectivity,SIMULATED
SIM_T07_POS_BH03,T07,POSITIVE_DRILLING_INTERSECTION,21.361314,79.318795,341.3,-60.0,69.6,61.4,Sausar Group (Mansar Formation host),NMET-reported structure/depths + target prospectivity,SIMULATED
SIM_T07_NEG_BH01,T07,NEGATIVE_DRILLING_RESULT,21.364128,79.314327,322.2,-60.0,70.1,56.0,Sausar Group (Mansar Formation host),NMET-reported structure/depths + target prospectivity,SIMULATED
SIM_T07_NEG_BH02,T07,NEGATIVE_DRILLING_RESULT,21.361108,79.314016,341.4,-60.0,58.8,51.7,Sausar Group (Mansar Formation host),NMET-reported structure/depths + target prospectivity,SIMULATED
SIM_T07_NEG_BH03,T07,NEGATIVE_DRILLING_RESULT,21.358493,79.312275,340.3,-60.0,88.6,72.2,Sausar Group (Mansar Formation host),NMET-reported structure/depths + target prospectivity,SIMULATED
SIM_T07_AMB_BH01,T07,AMBIGUOUS_DRILLING_RESULT,21.35858,79.314452,332.7,-60.0,70.5,51.8,Sausar Group (Mansar Formation host),NMET-reported structure/depths + target prospectivity,SIMULATED
SIM_T07_AMB_BH02,T07,AMBIGUOUS_DRILLING_RESULT,21.367228,79.311246,343.2,-60.0,97.2,49.7,Sausar Group (Mansar Formation host),NMET-reported structure/depths + target prospectivity,SIMULATED
SIM_T07_AMB_BH03,T07,AMBIGUOUS_DRILLING_RESULT,21.356572,79.316097,325.1,-60.0,87.2,63.5,Sausar Group (Mansar Formation host),NMET-reported structure/depths + target prospectivity,SIMULATED
SIM_T08_POS_BH01,T08,POSITIVE_DRILLING_INTERSECTION,21.782102,80.10302,335.3,-60.0,87.3,75.3,Sausar Group (Mansar Formation host),NMET-reported structure/depths + target prospectivity,SIMULATED
SIM_T08_POS_BH02,T08,POSITIVE_DRILLING_INTERSECTION,21.784675,80.102018,339.7,-60.0,79.0,74.0,Sausar Group (Mansar Formation host),NMET-reported structure/depths + target prospectivity,SIMULATED
SIM_T08_POS_BH03,T08,POSITIVE_DRILLING_INTERSECTION,21.783469,80.104398,346.3,-60.0,95.5,69.1,Sausar Group (Mansar Formation host),NMET-reported structure/depths + target prospectivity,SIMULATED
SIM_T08_NEG_BH01,T08,NEGATIVE_DRILLING_RESULT,21.786218,80.102391,315.6,-60.0,80.1,63.5,Sausar Group (Mansar Formation host),NMET-reported structure/depths + target prospectivity,SIMULATED
SIM_T08_NEG_BH02,T08,NEGATIVE_DRILLING_RESULT,21.783949,80.101545,338.5,-60.0,88.5,60.1,Sausar Group (Mansar Formation host),NMET-reported structure/depths + target prospectivity,SIMULATED
SIM_T08_NEG_BH03,T08,NEGATIVE_DRILLING_RESULT,21.780694,80.098252,342.7,-60.0,87.8,62.5,Sausar Group (Mansar Formation host),NMET-reported structure/depths + target prospectivity,SIMULATED
SIM_T08_AMB_BH01,T08,AMBIGUOUS_DRILLING_RESULT,21.787718,80.100448,337.7,-60.0,65.2,74.1,Sausar Group (Mansar Formation host),NMET-reported structure/depths + target prospectivity,SIMULATED
SIM_T08_AMB_BH02,T08,AMBIGUOUS_DRILLING_RESULT,21.784001,80.103544,344.8,-60.0,58.9,56.1,Sausar Group (Mansar Formation host),NMET-reported structure/depths + target prospectivity,SIMULATED
SIM_T08_AMB_BH03,T08,AMBIGUOUS_DRILLING_RESULT,21.787451,80.098948,347.2,-60.0,65.0,62.3,Sausar Group (Mansar Formation host),NMET-reported structure/depths + target prospectivity,SIMULATED
SIM_T09_POS_BH01,T09,POSITIVE_DRILLING_INTERSECTION,22.007893,80.643374,352.9,-60.0,58.7,57.9,Sausar Group (Mansar Formation host),NMET-reported structure/depths + target prospectivity,SIMULATED
SIM_T09_POS_BH02,T09,POSITIVE_DRILLING_INTERSECTION,22.009177,80.644923,335.7,-60.0,84.4,50.3,Sausar Group (Mansar Formation host),NMET-reported structure/depths + target prospectivity,SIMULATED
SIM_T09_POS_BH03,T09,POSITIVE_DRILLING_INTERSECTION,22.007796,80.643768,344.3,-60.0,96.5,67.1,Sausar Group (Mansar Formation host),NMET-reported structure/depths + target prospectivity,SIMULATED
SIM_T09_NEG_BH01,T09,NEGATIVE_DRILLING_RESULT,22.010693,80.643113,342.9,-60.0,60.0,58.7,Sausar Group (Mansar Formation host),NMET-reported structure/depths + target prospectivity,SIMULATED
SIM_T09_NEG_BH02,T09,NEGATIVE_DRILLING_RESULT,22.011018,80.650815,343.7,-60.0,51.9,57.0,Sausar Group (Mansar Formation host),NMET-reported structure/depths + target prospectivity,SIMULATED
SIM_T09_NEG_BH03,T09,NEGATIVE_DRILLING_RESULT,22.008635,80.646161,338.0,-60.0,58.9,63.7,Sausar Group (Mansar Formation host),NMET-reported structure/depths + target prospectivity,SIMULATED
SIM_T09_AMB_BH01,T09,AMBIGUOUS_DRILLING_RESULT,22.010745,80.646654,339.0,-60.0,60.1,45.9,Sausar Group (Mansar Formation host),NMET-reported structure/depths + target prospectivity,SIMULATED
SIM_T09_AMB_BH02,T09,AMBIGUOUS_DRILLING_RESULT,22.009123,80.645881,345.0,-60.0,92.8,66.1,Sausar Group (Mansar Formation host),NMET-reported structure/depths + target prospectivity,SIMULATED
SIM_T09_AMB_BH03,T09,AMBIGUOUS_DRILLING_RESULT,22.007997,80.645598,348.5,-60.0,98.4,72.5,Sausar Group (Mansar Formation host),NMET-reported structure/depths + target prospectivity,SIMULATED
SIM_T10_POS_BH01,T10,POSITIVE_DRILLING_INTERSECTION,21.855422,80.067698,347.3,-60.0,56.8,75.7,Sausar Group (Mansar Formation host),NMET-reported structure/depths + target prospectivity,SIMULATED
SIM_T10_POS_BH02,T10,POSITIVE_DRILLING_INTERSECTION,21.849812,80.064401,342.3,-60.0,80.6,67.0,Sausar Group (Mansar Formation host),NMET-reported structure/depths + target prospectivity,SIMULATED
SIM_T10_POS_BH03,T10,POSITIVE_DRILLING_INTERSECTION,21.849911,80.066491,351.7,-60.0,52.0,55.5,Sausar Group (Mansar Formation host),NMET-reported structure/depths + target prospectivity,SIMULATED
SIM_T10_NEG_BH01,T10,NEGATIVE_DRILLING_RESULT,21.851654,80.060472,327.2,-60.0,70.2,47.3,Sausar Group (Mansar Formation host),NMET-reported structure/depths + target prospectivity,SIMULATED
SIM_T10_NEG_BH02,T10,NEGATIVE_DRILLING_RESULT,21.848239,80.067493,351.4,-60.0,68.5,75.4,Sausar Group (Mansar Formation host),NMET-reported structure/depths + target prospectivity,SIMULATED
SIM_T10_NEG_BH03,T10,NEGATIVE_DRILLING_RESULT,21.852139,80.065614,359.4,-60.0,61.7,74.9,Sausar Group (Mansar Formation host),NMET-reported structure/depths + target prospectivity,SIMULATED
SIM_T10_AMB_BH01,T10,AMBIGUOUS_DRILLING_RESULT,21.853916,80.068881,340.1,-60.0,76.1,57.8,Sausar Group (Mansar Formation host),NMET-reported structure/depths + target prospectivity,SIMULATED
SIM_T10_AMB_BH02,T10,AMBIGUOUS_DRILLING_RESULT,21.851047,80.065216,355.0,-60.0,79.8,45.4,Sausar Group (Mansar Formation host),NMET-reported structure/depths + target prospectivity,SIMULATED
SIM_T10_AMB_BH03,T10,AMBIGUOUS_DRILLING_RESULT,21.85117,80.069786,336.5,-60.0,56.2,77.6,Sausar Group (Mansar Formation host),NMET-reported structure/depths + target prospectivity,SIMULATED
SIM_T11_POS_BH01,T11,POSITIVE_DRILLING_INTERSECTION,21.392868,79.508314,334.2,-60.0,52.5,67.4,Sausar Group (Mansar Formation host),NMET-reported structure/depths + target prospectivity,SIMULATED
SIM_T11_POS_BH02,T11,POSITIVE_DRILLING_INTERSECTION,21.38953,79.503294,345.4,-60.0,97.5,73.7,Sausar Group (Mansar Formation host),NMET-reported structure/depths + target prospectivity,SIMULATED
SIM_T11_POS_BH03,T11,POSITIVE_DRILLING_INTERSECTION,21.388785,79.504173,319.7,-60.0,95.7,63.0,Sausar Group (Mansar Formation host),NMET-reported structure/depths + target prospectivity,SIMULATED
SIM_T11_NEG_BH01,T11,NEGATIVE_DRILLING_RESULT,21.391098,79.506117,344.8,-60.0,84.6,65.7,Sausar Group (Mansar Formation host),NMET-reported structure/depths + target prospectivity,SIMULATED
SIM_T11_NEG_BH02,T11,NEGATIVE_DRILLING_RESULT,21.390622,79.506972,345.6,-60.0,50.8,79.9,Sausar Group (Mansar Formation host),NMET-reported structure/depths + target prospectivity,SIMULATED
SIM_T11_NEG_BH03,T11,NEGATIVE_DRILLING_RESULT,21.391684,79.504589,341.5,-60.0,58.3,66.7,Sausar Group (Mansar Formation host),NMET-reported structure/depths + target prospectivity,SIMULATED
SIM_T11_AMB_BH01,T11,AMBIGUOUS_DRILLING_RESULT,21.38713,79.5051,323.2,-60.0,57.2,60.6,Sausar Group (Mansar Formation host),NMET-reported structure/depths + target prospectivity,SIMULATED
SIM_T11_AMB_BH02,T11,AMBIGUOUS_DRILLING_RESULT,21.390966,79.503954,343.8,-60.0,54.1,64.8,Sausar Group (Mansar Formation host),NMET-reported structure/depths + target prospectivity,SIMULATED
SIM_T11_AMB_BH03,T11,AMBIGUOUS_DRILLING_RESULT,21.392677,79.503012,354.1,-60.0,69.7,78.5,Sausar Group (Mansar Formation host),NMET-reported structure/depths + target prospectivity,SIMULATED
SIM_T12_POS_BH01,T12,POSITIVE_DRILLING_INTERSECTION,21.339525,79.246973,331.7,-60.0,62.4,79.0,Sausar Group (Mansar Formation host),NMET-reported structure/depths + target prospectivity,SIMULATED
SIM_T12_POS_BH02,T12,POSITIVE_DRILLING_INTERSECTION,21.342332,79.245417,322.3,-60.0,59.1,61.1,Sausar Group (Mansar Formation host),NMET-reported structure/depths + target prospectivity,SIMULATED
SIM_T12_POS_BH03,T12,POSITIVE_DRILLING_INTERSECTION,21.340914,79.242176,348.4,-60.0,82.6,63.4,Sausar Group (Mansar Formation host),NMET-reported structure/depths + target prospectivity,SIMULATED
SIM_T12_NEG_BH01,T12,NEGATIVE_DRILLING_RESULT,21.338861,79.248083,327.4,-60.0,77.0,69.0,Sausar Group (Mansar Formation host),NMET-reported structure/depths + target prospectivity,SIMULATED
SIM_T12_NEG_BH02,T12,NEGATIVE_DRILLING_RESULT,21.337537,79.240847,350.2,-60.0,53.1,62.2,Sausar Group (Mansar Formation host),NMET-reported structure/depths + target prospectivity,SIMULATED
SIM_T12_NEG_BH03,T12,NEGATIVE_DRILLING_RESULT,21.339863,79.2459,348.7,-60.0,71.7,65.9,Sausar Group (Mansar Formation host),NMET-reported structure/depths + target prospectivity,SIMULATED
SIM_T12_AMB_BH01,T12,AMBIGUOUS_DRILLING_RESULT,21.338345,79.249669,345.6,-60.0,82.2,68.9,Sausar Group (Mansar Formation host),NMET-reported structure/depths + target prospectivity,SIMULATED
SIM_T12_AMB_BH02,T12,AMBIGUOUS_DRILLING_RESULT,21.337913,79.243881,349.7,-60.0,76.3,59.5,Sausar Group (Mansar Formation host),NMET-reported structure/depths + target prospectivity,SIMULATED
SIM_T12_AMB_BH03,T12,AMBIGUOUS_DRILLING_RESULT,21.338967,79.248084,359.2,-60.0,55.4,77.9,Sausar Group (Mansar Formation host),NMET-reported structure/depths + target prospectivity,SIMULATED
SIM_T13_POS_BH01,T13,POSITIVE_DRILLING_INTERSECTION,21.823337,80.815793,343.1,-60.0,61.1,79.5,Sausar Group (Mansar Formation host),NMET-reported structure/depths + target prospectivity,SIMULATED
SIM_T13_POS_BH02,T13,POSITIVE_DRILLING_INTERSECTION,21.82053,80.815715,359.4,-60.0,85.8,69.9,Sausar Group (Mansar Formation host),NMET-reported structure/depths + target prospectivity,SIMULATED
SIM_T13_POS_BH03,T13,POSITIVE_DRILLING_INTERSECTION,21.827843,80.814197,332.5,-60.0,62.2,65.8,Sausar Group (Mansar Formation host),NMET-reported structure/depths + target prospectivity,SIMULATED
SIM_T13_NEG_BH01,T13,NEGATIVE_DRILLING_RESULT,21.825238,80.815636,332.2,-60.0,69.0,67.2,Sausar Group (Mansar Formation host),NMET-reported structure/depths + target prospectivity,SIMULATED
SIM_T13_NEG_BH02,T13,NEGATIVE_DRILLING_RESULT,21.827767,80.816281,356.3,-60.0,60.8,50.3,Sausar Group (Mansar Formation host),NMET-reported structure/depths + target prospectivity,SIMULATED
SIM_T13_NEG_BH03,T13,NEGATIVE_DRILLING_RESULT,21.824469,80.814075,320.3,-60.0,86.2,73.6,Sausar Group (Mansar Formation host),NMET-reported structure/depths + target prospectivity,SIMULATED
SIM_T13_AMB_BH01,T13,AMBIGUOUS_DRILLING_RESULT,21.820911,80.812549,355.0,-60.0,93.7,77.2,Sausar Group (Mansar Formation host),NMET-reported structure/depths + target prospectivity,SIMULATED
SIM_T13_AMB_BH02,T13,AMBIGUOUS_DRILLING_RESULT,21.824016,80.815402,336.3,-60.0,81.6,60.8,Sausar Group (Mansar Formation host),NMET-reported structure/depths + target prospectivity,SIMULATED
SIM_T13_AMB_BH03,T13,AMBIGUOUS_DRILLING_RESULT,21.823309,80.816718,342.1,-60.0,58.7,55.6,Sausar Group (Mansar Formation host),NMET-reported structure/depths + target prospectivity,SIMULATED
SIM_T14_POS_BH01,T14,POSITIVE_DRILLING_INTERSECTION,21.572175,79.752492,342.4,-60.0,82.4,69.5,Sausar Group (Mansar Formation host),NMET-reported structure/depths + target prospectivity,SIMULATED
SIM_T14_POS_BH02,T14,POSITIVE_DRILLING_INTERSECTION,21.570572,79.754953,342.4,-60.0,63.7,56.6,Sausar Group (Mansar Formation host),NMET-reported structure/depths + target prospectivity,SIMULATED
SIM_T14_POS_BH03,T14,POSITIVE_DRILLING_INTERSECTION,21.572177,79.753353,340.4,-60.0,55.7,55.5,Sausar Group (Mansar Formation host),NMET-reported structure/depths + target prospectivity,SIMULATED
SIM_T14_NEG_BH01,T14,NEGATIVE_DRILLING_RESULT,21.572842,79.750303,340.4,-60.0,51.7,68.3,Sausar Group (Mansar Formation host),NMET-reported structure/depths + target prospectivity,SIMULATED
SIM_T14_NEG_BH02,T14,NEGATIVE_DRILLING_RESULT,21.567112,79.75191,334.1,-60.0,87.8,78.8,Sausar Group (Mansar Formation host),NMET-reported structure/depths + target prospectivity,SIMULATED
SIM_T14_NEG_BH03,T14,NEGATIVE_DRILLING_RESULT,21.572618,79.749097,351.1,-60.0,80.8,64.1,Sausar Group (Mansar Formation host),NMET-reported structure/depths + target prospectivity,SIMULATED
SIM_T14_AMB_BH01,T14,AMBIGUOUS_DRILLING_RESULT,21.571484,79.750105,356.4,-60.0,97.2,52.8,Sausar Group (Mansar Formation host),NMET-reported structure/depths + target prospectivity,SIMULATED
SIM_T14_AMB_BH02,T14,AMBIGUOUS_DRILLING_RESULT,21.574287,79.752937,334.4,-60.0,67.8,62.3,Sausar Group (Mansar Formation host),NMET-reported structure/depths + target prospectivity,SIMULATED
SIM_T14_AMB_BH03,T14,AMBIGUOUS_DRILLING_RESULT,21.571769,79.752808,329.9,-60.0,93.3,55.0,Sausar Group (Mansar Formation host),NMET-reported structure/depths + target prospectivity,SIMULATED
SIM_T15_POS_BH01,T15,POSITIVE_DRILLING_INTERSECTION,21.987961,79.455331,339.4,-60.0,53.8,53.7,Sausar Group (Mansar Formation host),NMET-reported structure/depths + target prospectivity,SIMULATED
SIM_T15_POS_BH02,T15,POSITIVE_DRILLING_INTERSECTION,21.988662,79.454853,344.3,-60.0,89.6,45.7,Sausar Group (Mansar Formation host),NMET-reported structure/depths + target prospectivity,SIMULATED
SIM_T15_POS_BH03,T15,POSITIVE_DRILLING_INTERSECTION,21.993342,79.455987,339.6,-60.0,78.1,74.3,Sausar Group (Mansar Formation host),NMET-reported structure/depths + target prospectivity,SIMULATED
SIM_T15_NEG_BH01,T15,NEGATIVE_DRILLING_RESULT,21.987441,79.456052,333.5,-60.0,95.9,79.0,Sausar Group (Mansar Formation host),NMET-reported structure/depths + target prospectivity,SIMULATED
SIM_T15_NEG_BH02,T15,NEGATIVE_DRILLING_RESULT,21.989924,79.451837,347.0,-60.0,74.2,74.3,Sausar Group (Mansar Formation host),NMET-reported structure/depths + target prospectivity,SIMULATED
SIM_T15_NEG_BH03,T15,NEGATIVE_DRILLING_RESULT,21.990983,79.459128,353.6,-60.0,66.5,52.9,Sausar Group (Mansar Formation host),NMET-reported structure/depths + target prospectivity,SIMULATED
SIM_T15_AMB_BH01,T15,AMBIGUOUS_DRILLING_RESULT,21.991779,79.45695,353.1,-60.0,75.2,69.9,Sausar Group (Mansar Formation host),NMET-reported structure/depths + target prospectivity,SIMULATED
SIM_T15_AMB_BH02,T15,AMBIGUOUS_DRILLING_RESULT,21.989638,79.455895,345.5,-60.0,69.5,73.0,Sausar Group (Mansar Formation host),NMET-reported structure/depths + target prospectivity,SIMULATED
SIM_T15_AMB_BH03,T15,AMBIGUOUS_DRILLING_RESULT,21.992614,79.455704,344.7,-60.0,80.1,76.2,Sausar Group (Mansar Formation host),NMET-reported structure/depths + target prospectivity,SIMULATED
SIM_T16_POS_BH01,T16,POSITIVE_DRILLING_INTERSECTION,21.985265,80.266553,342.0,-60.0,69.0,49.5,Sausar Group (Mansar Formation host),NMET-reported structure/depths + target prospectivity,SIMULATED
SIM_T16_POS_BH02,T16,POSITIVE_DRILLING_INTERSECTION,21.981857,80.267345,331.2,-60.0,57.7,47.1,Sausar Group (Mansar Formation host),NMET-reported structure/depths + target prospectivity,SIMULATED
SIM_T16_POS_BH03,T16,POSITIVE_DRILLING_INTERSECTION,21.980652,80.265645,354.2,-60.0,87.8,69.8,Sausar Group (Mansar Formation host),NMET-reported structure/depths + target prospectivity,SIMULATED
SIM_T16_NEG_BH01,T16,NEGATIVE_DRILLING_RESULT,21.982323,80.268874,335.5,-60.0,75.6,72.7,Sausar Group (Mansar Formation host),NMET-reported structure/depths + target prospectivity,SIMULATED
SIM_T16_NEG_BH02,T16,NEGATIVE_DRILLING_RESULT,21.979801,80.268269,329.4,-60.0,91.8,48.0,Sausar Group (Mansar Formation host),NMET-reported structure/depths + target prospectivity,SIMULATED
SIM_T16_NEG_BH03,T16,NEGATIVE_DRILLING_RESULT,21.982536,80.268306,340.8,-60.0,82.4,67.9,Sausar Group (Mansar Formation host),NMET-reported structure/depths + target prospectivity,SIMULATED
SIM_T16_AMB_BH01,T16,AMBIGUOUS_DRILLING_RESULT,21.981764,80.269094,332.6,-60.0,53.1,64.7,Sausar Group (Mansar Formation host),NMET-reported structure/depths + target prospectivity,SIMULATED
SIM_T16_AMB_BH02,T16,AMBIGUOUS_DRILLING_RESULT,21.982716,80.268145,335.0,-60.0,89.8,46.4,Sausar Group (Mansar Formation host),NMET-reported structure/depths + target prospectivity,SIMULATED
SIM_T16_AMB_BH03,T16,AMBIGUOUS_DRILLING_RESULT,21.98212,80.268458,321.1,-60.0,97.5,57.0,Sausar Group (Mansar Formation host),NMET-reported structure/depths + target prospectivity,SIMULATED
SIM_T17_POS_BH01,T17,POSITIVE_DRILLING_INTERSECTION,21.336365,79.390487,338.2,-60.0,71.5,68.1,Sausar Group (Mansar Formation host),NMET-reported structure/depths + target prospectivity,SIMULATED
SIM_T17_POS_BH02,T17,POSITIVE_DRILLING_INTERSECTION,21.336115,79.387035,356.6,-60.0,53.4,70.0,Sausar Group (Mansar Formation host),NMET-reported structure/depths + target prospectivity,SIMULATED
SIM_T17_POS_BH03,T17,POSITIVE_DRILLING_INTERSECTION,21.338942,79.387485,346.6,-60.0,99.8,79.7,Sausar Group (Mansar Formation host),NMET-reported structure/depths + target prospectivity,SIMULATED
SIM_T17_NEG_BH01,T17,NEGATIVE_DRILLING_RESULT,21.340699,79.387139,340.7,-60.0,82.6,78.1,Sausar Group (Mansar Formation host),NMET-reported structure/depths + target prospectivity,SIMULATED
SIM_T17_NEG_BH02,T17,NEGATIVE_DRILLING_RESULT,21.343068,79.386068,335.9,-60.0,56.8,71.4,Sausar Group (Mansar Formation host),NMET-reported structure/depths + target prospectivity,SIMULATED
SIM_T17_NEG_BH03,T17,NEGATIVE_DRILLING_RESULT,21.336692,79.38421,329.6,-60.0,97.7,55.3,Sausar Group (Mansar Formation host),NMET-reported structure/depths + target prospectivity,SIMULATED
SIM_T17_AMB_BH01,T17,AMBIGUOUS_DRILLING_RESULT,21.337585,79.383464,331.9,-60.0,51.5,51.1,Sausar Group (Mansar Formation host),NMET-reported structure/depths + target prospectivity,SIMULATED
SIM_T17_AMB_BH02,T17,AMBIGUOUS_DRILLING_RESULT,21.339239,79.384524,351.7,-60.0,95.3,69.0,Sausar Group (Mansar Formation host),NMET-reported structure/depths + target prospectivity,SIMULATED
SIM_T17_AMB_BH03,T17,AMBIGUOUS_DRILLING_RESULT,21.33949,79.384751,341.6,-60.0,57.6,79.9,Sausar Group (Mansar Formation host),NMET-reported structure/depths + target prospectivity,SIMULATED
SIM_T18_POS_BH01,T18,POSITIVE_DRILLING_INTERSECTION,21.713463,80.115568,335.6,-60.0,86.3,76.5,Sausar Group (Mansar Formation host),NMET-reported structure/depths + target prospectivity,SIMULATED
SIM_T18_POS_BH02,T18,POSITIVE_DRILLING_INTERSECTION,21.716217,80.117714,345.5,-60.0,87.6,71.1,Sausar Group (Mansar Formation host),NMET-reported structure/depths + target prospectivity,SIMULATED
SIM_T18_POS_BH03,T18,POSITIVE_DRILLING_INTERSECTION,21.713882,80.121766,342.0,-60.0,62.8,64.5,Sausar Group (Mansar Formation host),NMET-reported structure/depths + target prospectivity,SIMULATED
SIM_T18_NEG_BH01,T18,NEGATIVE_DRILLING_RESULT,21.716314,80.119147,332.5,-60.0,71.1,62.9,Sausar Group (Mansar Formation host),NMET-reported structure/depths + target prospectivity,SIMULATED
SIM_T18_NEG_BH02,T18,NEGATIVE_DRILLING_RESULT,21.715899,80.118265,332.7,-60.0,56.5,66.5,Sausar Group (Mansar Formation host),NMET-reported structure/depths + target prospectivity,SIMULATED
SIM_T18_NEG_BH03,T18,NEGATIVE_DRILLING_RESULT,21.711122,80.120081,1.2,-60.0,76.7,65.6,Sausar Group (Mansar Formation host),NMET-reported structure/depths + target prospectivity,SIMULATED
SIM_T18_AMB_BH01,T18,AMBIGUOUS_DRILLING_RESULT,21.718538,80.118227,356.2,-60.0,96.7,66.7,Sausar Group (Mansar Formation host),NMET-reported structure/depths + target prospectivity,SIMULATED
SIM_T18_AMB_BH02,T18,AMBIGUOUS_DRILLING_RESULT,21.713403,80.116903,332.5,-60.0,56.2,49.5,Sausar Group (Mansar Formation host),NMET-reported structure/depths + target prospectivity,SIMULATED
SIM_T18_AMB_BH03,T18,AMBIGUOUS_DRILLING_RESULT,21.715785,80.121316,338.2,-60.0,57.3,65.6,Sausar Group (Mansar Formation host),NMET-reported structure/depths + target prospectivity,SIMULATED
SIM_T19_POS_BH01,T19,POSITIVE_DRILLING_INTERSECTION,21.796068,80.6277,325.0,-60.0,80.7,51.3,Sausar Group (Mansar Formation host),NMET-reported structure/depths + target prospectivity,SIMULATED
SIM_T19_POS_BH02,T19,POSITIVE_DRILLING_INTERSECTION,21.795999,80.629188,336.4,-60.0,79.2,50.2,Sausar Group (Mansar Formation host),NMET-reported structure/depths + target prospectivity,SIMULATED
SIM_T19_POS_BH03,T19,POSITIVE_DRILLING_INTERSECTION,21.796739,80.626933,346.1,-60.0,55.6,72.2,Sausar Group (Mansar Formation host),NMET-reported structure/depths + target prospectivity,SIMULATED
SIM_T19_NEG_BH01,T19,NEGATIVE_DRILLING_RESULT,21.798993,80.625996,338.4,-60.0,55.7,49.3,Sausar Group (Mansar Formation host),NMET-reported structure/depths + target prospectivity,SIMULATED
SIM_T19_NEG_BH02,T19,NEGATIVE_DRILLING_RESULT,21.794719,80.627123,325.1,-60.0,77.5,53.2,Sausar Group (Mansar Formation host),NMET-reported structure/depths + target prospectivity,SIMULATED
SIM_T19_NEG_BH03,T19,NEGATIVE_DRILLING_RESULT,21.797426,80.625459,341.0,-60.0,63.7,57.4,Sausar Group (Mansar Formation host),NMET-reported structure/depths + target prospectivity,SIMULATED
SIM_T19_AMB_BH01,T19,AMBIGUOUS_DRILLING_RESULT,21.797924,80.628263,339.5,-60.0,63.7,53.5,Sausar Group (Mansar Formation host),NMET-reported structure/depths + target prospectivity,SIMULATED
SIM_T19_AMB_BH02,T19,AMBIGUOUS_DRILLING_RESULT,21.797618,80.626218,356.9,-60.0,95.6,62.7,Sausar Group (Mansar Formation host),NMET-reported structure/depths + target prospectivity,SIMULATED
SIM_T19_AMB_BH03,T19,AMBIGUOUS_DRILLING_RESULT,21.796975,80.627161,352.7,-60.0,73.4,68.6,Sausar Group (Mansar Formation host),NMET-reported structure/depths + target prospectivity,SIMULATED
SIM_T20_POS_BH01,T20,POSITIVE_DRILLING_INTERSECTION,22.104632,80.799937,337.7,-60.0,63.7,75.6,Sausar Group (Mansar Formation host),NMET-reported structure/depths + target prospectivity,SIMULATED
SIM_T20_POS_BH02,T20,POSITIVE_DRILLING_INTERSECTION,22.107112,80.802303,322.9,-60.0,76.2,61.7,Sausar Group (Mansar Formation host),NMET-reported structure/depths + target prospectivity,SIMULATED
SIM_T20_POS_BH03,T20,POSITIVE_DRILLING_INTERSECTION,22.107282,80.797088,339.6,-60.0,95.5,53.3,Sausar Group (Mansar Formation host),NMET-reported structure/depths + target prospectivity,SIMULATED
SIM_T20_NEG_BH01,T20,NEGATIVE_DRILLING_RESULT,22.105982,80.79777,341.7,-60.0,75.2,62.6,Sausar Group (Mansar Formation host),NMET-reported structure/depths + target prospectivity,SIMULATED
SIM_T20_NEG_BH02,T20,NEGATIVE_DRILLING_RESULT,22.105383,80.800434,333.1,-60.0,71.5,47.6,Sausar Group (Mansar Formation host),NMET-reported structure/depths + target prospectivity,SIMULATED
SIM_T20_NEG_BH03,T20,NEGATIVE_DRILLING_RESULT,22.106864,80.800898,330.6,-60.0,63.7,45.6,Sausar Group (Mansar Formation host),NMET-reported structure/depths + target prospectivity,SIMULATED
SIM_T20_AMB_BH01,T20,AMBIGUOUS_DRILLING_RESULT,22.104614,80.799058,343.6,-60.0,79.0,60.3,Sausar Group (Mansar Formation host),NMET-reported structure/depths + target prospectivity,SIMULATED
SIM_T20_AMB_BH02,T20,AMBIGUOUS_DRILLING_RESULT,22.106675,80.79961,312.5,-60.0,66.6,70.9,Sausar Group (Mansar Formation host),NMET-reported structure/depths + target prospectivity,SIMULATED
SIM_T20_AMB_BH03,T20,AMBIGUOUS_DRILLING_RESULT,22.105724,80.799805,347.5,-60.0,75.3,54.8,Sausar Group (Mansar Formation host),NMET-reported structure/depths + target prospectivity,SIMULATED
SIM_T21_POS_BH01,T21,POSITIVE_DRILLING_INTERSECTION,21.367892,80.375305,335.7,-60.0,66.2,77.9,Sausar Group (Mansar Formation host),NMET-reported structure/depths + target prospectivity,SIMULATED
SIM_T21_POS_BH02,T21,POSITIVE_DRILLING_INTERSECTION,21.362305,80.374025,331.9,-60.0,61.4,69.2,Sausar Group (Mansar Formation host),NMET-reported structure/depths + target prospectivity,SIMULATED
SIM_T21_POS_BH03,T21,POSITIVE_DRILLING_INTERSECTION,21.366373,80.374401,336.7,-60.0,65.4,50.6,Sausar Group (Mansar Formation host),NMET-reported structure/depths + target prospectivity,SIMULATED
SIM_T21_NEG_BH01,T21,NEGATIVE_DRILLING_RESULT,21.366252,80.376566,1.1,-60.0,92.0,77.2,Sausar Group (Mansar Formation host),NMET-reported structure/depths + target prospectivity,SIMULATED
SIM_T21_NEG_BH02,T21,NEGATIVE_DRILLING_RESULT,21.366097,80.376762,349.7,-60.0,94.8,51.9,Sausar Group (Mansar Formation host),NMET-reported structure/depths + target prospectivity,SIMULATED
SIM_T21_NEG_BH03,T21,NEGATIVE_DRILLING_RESULT,21.369663,80.377273,336.1,-60.0,71.1,52.9,Sausar Group (Mansar Formation host),NMET-reported structure/depths + target prospectivity,SIMULATED
SIM_T21_AMB_BH01,T21,AMBIGUOUS_DRILLING_RESULT,21.367888,80.37846,331.7,-60.0,63.8,57.5,Sausar Group (Mansar Formation host),NMET-reported structure/depths + target prospectivity,SIMULATED
SIM_T21_AMB_BH02,T21,AMBIGUOUS_DRILLING_RESULT,21.365307,80.37496,341.5,-60.0,68.2,57.0,Sausar Group (Mansar Formation host),NMET-reported structure/depths + target prospectivity,SIMULATED
SIM_T21_AMB_BH03,T21,AMBIGUOUS_DRILLING_RESULT,21.365684,80.375601,333.0,-60.0,75.3,46.9,Sausar Group (Mansar Formation host),NMET-reported structure/depths + target prospectivity,SIMULATED
SIM_T22_POS_BH01,T22,POSITIVE_DRILLING_INTERSECTION,21.758339,79.984762,339.8,-60.0,58.7,46.6,Sausar Group (Mansar Formation host),NMET-reported structure/depths + target prospectivity,SIMULATED
SIM_T22_POS_BH02,T22,POSITIVE_DRILLING_INTERSECTION,21.761496,79.983329,330.2,-60.0,77.1,71.4,Sausar Group (Mansar Formation host),NMET-reported structure/depths + target prospectivity,SIMULATED
SIM_T22_POS_BH03,T22,POSITIVE_DRILLING_INTERSECTION,21.759821,79.986291,356.5,-60.0,70.3,59.2,Sausar Group (Mansar Formation host),NMET-reported structure/depths + target prospectivity,SIMULATED
SIM_T22_NEG_BH01,T22,NEGATIVE_DRILLING_RESULT,21.760025,79.987871,332.4,-60.0,66.4,46.7,Sausar Group (Mansar Formation host),NMET-reported structure/depths + target prospectivity,SIMULATED
SIM_T22_NEG_BH02,T22,NEGATIVE_DRILLING_RESULT,21.759694,79.98174,356.2,-60.0,65.1,78.5,Sausar Group (Mansar Formation host),NMET-reported structure/depths + target prospectivity,SIMULATED
SIM_T22_NEG_BH03,T22,NEGATIVE_DRILLING_RESULT,21.759423,79.988931,353.9,-60.0,99.6,65.4,Sausar Group (Mansar Formation host),NMET-reported structure/depths + target prospectivity,SIMULATED
SIM_T22_AMB_BH01,T22,AMBIGUOUS_DRILLING_RESULT,21.760823,79.985355,345.7,-60.0,67.3,67.3,Sausar Group (Mansar Formation host),NMET-reported structure/depths + target prospectivity,SIMULATED
SIM_T22_AMB_BH02,T22,AMBIGUOUS_DRILLING_RESULT,21.758235,79.987093,348.8,-60.0,63.9,74.0,Sausar Group (Mansar Formation host),NMET-reported structure/depths + target prospectivity,SIMULATED
SIM_T22_AMB_BH03,T22,AMBIGUOUS_DRILLING_RESULT,21.761377,79.986344,350.5,-60.0,97.6,76.0,Sausar Group (Mansar Formation host),NMET-reported structure/depths + target prospectivity,SIMULATED
SIM_T23_POS_BH01,T23,POSITIVE_DRILLING_INTERSECTION,21.453705,79.377124,332.6,-60.0,57.4,78.6,Sausar Group (Mansar Formation host),NMET-reported structure/depths + target prospectivity,SIMULATED
SIM_T23_POS_BH02,T23,POSITIVE_DRILLING_INTERSECTION,21.454618,79.374975,344.0,-60.0,58.7,71.2,Sausar Group (Mansar Formation host),NMET-reported structure/depths + target prospectivity,SIMULATED
SIM_T23_POS_BH03,T23,POSITIVE_DRILLING_INTERSECTION,21.452852,79.374783,359.9,-60.0,70.6,50.0,Sausar Group (Mansar Formation host),NMET-reported structure/depths + target prospectivity,SIMULATED
SIM_T23_NEG_BH01,T23,NEGATIVE_DRILLING_RESULT,21.449974,79.376577,336.9,-60.0,97.7,51.9,Sausar Group (Mansar Formation host),NMET-reported structure/depths + target prospectivity,SIMULATED
SIM_T23_NEG_BH02,T23,NEGATIVE_DRILLING_RESULT,21.455354,79.376922,323.6,-60.0,80.0,65.9,Sausar Group (Mansar Formation host),NMET-reported structure/depths + target prospectivity,SIMULATED
SIM_T23_NEG_BH03,T23,NEGATIVE_DRILLING_RESULT,21.455513,79.378775,324.9,-60.0,83.5,56.7,Sausar Group (Mansar Formation host),NMET-reported structure/depths + target prospectivity,SIMULATED
SIM_T23_AMB_BH01,T23,AMBIGUOUS_DRILLING_RESULT,21.452085,79.370995,339.7,-60.0,56.4,56.4,Sausar Group (Mansar Formation host),NMET-reported structure/depths + target prospectivity,SIMULATED
SIM_T23_AMB_BH02,T23,AMBIGUOUS_DRILLING_RESULT,21.452906,79.373243,344.7,-60.0,76.6,61.6,Sausar Group (Mansar Formation host),NMET-reported structure/depths + target prospectivity,SIMULATED
SIM_T23_AMB_BH03,T23,AMBIGUOUS_DRILLING_RESULT,21.452299,79.37538,347.2,-60.0,86.7,66.3,Sausar Group (Mansar Formation host),NMET-reported structure/depths + target prospectivity,SIMULATED
SIM_T24_POS_BH01,T24,POSITIVE_DRILLING_INTERSECTION,22.10809,80.631237,338.4,-60.0,68.7,75.4,Sausar Group (Mansar Formation host),NMET-reported structure/depths + target prospectivity,SIMULATED
SIM_T24_POS_BH02,T24,POSITIVE_DRILLING_INTERSECTION,22.108996,80.630116,334.4,-60.0,99.8,73.9,Sausar Group (Mansar Formation host),NMET-reported structure/depths + target prospectivity,SIMULATED
SIM_T24_POS_BH03,T24,POSITIVE_DRILLING_INTERSECTION,22.110163,80.630745,5.3,-60.0,69.1,46.3,Sausar Group (Mansar Formation host),NMET-reported structure/depths + target prospectivity,SIMULATED
SIM_T24_NEG_BH01,T24,NEGATIVE_DRILLING_RESULT,22.110188,80.630587,325.7,-60.0,62.2,75.3,Sausar Group (Mansar Formation host),NMET-reported structure/depths + target prospectivity,SIMULATED
SIM_T24_NEG_BH02,T24,NEGATIVE_DRILLING_RESULT,22.112104,80.629609,343.2,-60.0,69.8,68.1,Sausar Group (Mansar Formation host),NMET-reported structure/depths + target prospectivity,SIMULATED
SIM_T24_NEG_BH03,T24,NEGATIVE_DRILLING_RESULT,22.111799,80.628737,359.0,-60.0,76.2,70.1,Sausar Group (Mansar Formation host),NMET-reported structure/depths + target prospectivity,SIMULATED
SIM_T24_AMB_BH01,T24,AMBIGUOUS_DRILLING_RESULT,22.110597,80.629006,333.9,-60.0,64.9,68.5,Sausar Group (Mansar Formation host),NMET-reported structure/depths + target prospectivity,SIMULATED
SIM_T24_AMB_BH02,T24,AMBIGUOUS_DRILLING_RESULT,22.111695,80.629834,11.8,-60.0,79.1,73.7,Sausar Group (Mansar Formation host),NMET-reported structure/depths + target prospectivity,SIMULATED
SIM_T24_AMB_BH03,T24,AMBIGUOUS_DRILLING_RESULT,22.107098,80.628328,338.7,-60.0,89.3,52.8,Sausar Group (Mansar Formation host),NMET-reported structure/depths + target prospectivity,SIMULATED
SIM_T25_POS_BH01,T25,POSITIVE_DRILLING_INTERSECTION,21.62006,79.552212,347.0,-60.0,62.0,64.3,Sausar Group (Mansar Formation host),NMET-reported structure/depths + target prospectivity,SIMULATED
SIM_T25_POS_BH02,T25,POSITIVE_DRILLING_INTERSECTION,21.622015,79.556931,5.3,-60.0,57.8,45.5,Sausar Group (Mansar Formation host),NMET-reported structure/depths + target prospectivity,SIMULATED
SIM_T25_POS_BH03,T25,POSITIVE_DRILLING_INTERSECTION,21.620927,79.557018,350.7,-60.0,68.3,68.3,Sausar Group (Mansar Formation host),NMET-reported structure/depths + target prospectivity,SIMULATED
SIM_T25_NEG_BH01,T25,NEGATIVE_DRILLING_RESULT,21.621736,79.55895,349.0,-60.0,91.9,75.7,Sausar Group (Mansar Formation host),NMET-reported structure/depths + target prospectivity,SIMULATED
SIM_T25_NEG_BH02,T25,NEGATIVE_DRILLING_RESULT,21.620344,79.554676,341.4,-60.0,72.7,59.9,Sausar Group (Mansar Formation host),NMET-reported structure/depths + target prospectivity,SIMULATED
SIM_T25_NEG_BH03,T25,NEGATIVE_DRILLING_RESULT,21.621117,79.555276,344.5,-60.0,78.5,49.7,Sausar Group (Mansar Formation host),NMET-reported structure/depths + target prospectivity,SIMULATED
SIM_T25_AMB_BH01,T25,AMBIGUOUS_DRILLING_RESULT,21.62096,79.551832,328.4,-60.0,90.5,51.4,Sausar Group (Mansar Formation host),NMET-reported structure/depths + target prospectivity,SIMULATED
SIM_T25_AMB_BH02,T25,AMBIGUOUS_DRILLING_RESULT,21.618103,79.557483,335.9,-60.0,77.6,49.9,Sausar Group (Mansar Formation host),NMET-reported structure/depths + target prospectivity,SIMULATED
SIM_T25_AMB_BH03,T25,AMBIGUOUS_DRILLING_RESULT,21.622409,79.550042,345.7,-60.0,62.2,56.1,Sausar Group (Mansar Formation host),NMET-reported structure/depths + target prospectivity,SIMULATED
SIM_T26_POS_BH01,T26,POSITIVE_DRILLING_INTERSECTION,21.852194,80.383288,331.9,-60.0,51.8,60.1,Sausar Group (Mansar Formation host),NMET-reported structure/depths + target prospectivity,SIMULATED
SIM_T26_POS_BH02,T26,POSITIVE_DRILLING_INTERSECTION,21.851059,80.382511,345.0,-60.0,64.5,58.9,Sausar Group (Mansar Formation host),NMET-reported structure/depths + target prospectivity,SIMULATED
SIM_T26_POS_BH03,T26,POSITIVE_DRILLING_INTERSECTION,21.854834,80.384182,331.6,-60.0,89.6,46.3,Sausar Group (Mansar Formation host),NMET-reported structure/depths + target prospectivity,SIMULATED
SIM_T26_NEG_BH01,T26,NEGATIVE_DRILLING_RESULT,21.854689,80.381671,337.1,-60.0,73.1,46.0,Sausar Group (Mansar Formation host),NMET-reported structure/depths + target prospectivity,SIMULATED
SIM_T26_NEG_BH02,T26,NEGATIVE_DRILLING_RESULT,21.848631,80.381927,354.5,-60.0,75.2,64.6,Sausar Group (Mansar Formation host),NMET-reported structure/depths + target prospectivity,SIMULATED
SIM_T26_NEG_BH03,T26,NEGATIVE_DRILLING_RESULT,21.851517,80.380597,328.2,-60.0,75.0,52.2,Sausar Group (Mansar Formation host),NMET-reported structure/depths + target prospectivity,SIMULATED
SIM_T26_AMB_BH01,T26,AMBIGUOUS_DRILLING_RESULT,21.847466,80.382066,0.8,-60.0,74.4,69.7,Sausar Group (Mansar Formation host),NMET-reported structure/depths + target prospectivity,SIMULATED
SIM_T26_AMB_BH02,T26,AMBIGUOUS_DRILLING_RESULT,21.850147,80.381758,335.4,-60.0,81.9,54.9,Sausar Group (Mansar Formation host),NMET-reported structure/depths + target prospectivity,SIMULATED
SIM_T26_AMB_BH03,T26,AMBIGUOUS_DRILLING_RESULT,21.852783,80.380877,349.0,-60.0,60.2,55.0,Sausar Group (Mansar Formation host),NMET-reported structure/depths + target prospectivity,SIMULATED
SIM_T27_POS_BH01,T27,POSITIVE_DRILLING_INTERSECTION,21.217095,79.076447,319.7,-60.0,73.3,58.8,Sausar Group (Mansar Formation host),NMET-reported structure/depths + target prospectivity,SIMULATED
SIM_T27_POS_BH02,T27,POSITIVE_DRILLING_INTERSECTION,21.21521,79.071957,327.5,-60.0,63.7,62.2,Sausar Group (Mansar Formation host),NMET-reported structure/depths + target prospectivity,SIMULATED
SIM_T27_POS_BH03,T27,POSITIVE_DRILLING_INTERSECTION,21.21566,79.077654,326.3,-60.0,87.9,57.2,Sausar Group (Mansar Formation host),NMET-reported structure/depths + target prospectivity,SIMULATED
SIM_T27_NEG_BH01,T27,NEGATIVE_DRILLING_RESULT,21.219877,79.076409,337.7,-60.0,52.3,78.0,Sausar Group (Mansar Formation host),NMET-reported structure/depths + target prospectivity,SIMULATED
SIM_T27_NEG_BH02,T27,NEGATIVE_DRILLING_RESULT,21.219651,79.079393,337.4,-60.0,52.2,60.7,Sausar Group (Mansar Formation host),NMET-reported structure/depths + target prospectivity,SIMULATED
SIM_T27_NEG_BH03,T27,NEGATIVE_DRILLING_RESULT,21.217787,79.072152,346.8,-60.0,75.3,65.5,Sausar Group (Mansar Formation host),NMET-reported structure/depths + target prospectivity,SIMULATED
SIM_T27_AMB_BH01,T27,AMBIGUOUS_DRILLING_RESULT,21.218271,79.07568,359.1,-60.0,69.0,50.6,Sausar Group (Mansar Formation host),NMET-reported structure/depths + target prospectivity,SIMULATED
SIM_T27_AMB_BH02,T27,AMBIGUOUS_DRILLING_RESULT,21.217215,79.079481,339.0,-60.0,80.1,73.7,Sausar Group (Mansar Formation host),NMET-reported structure/depths + target prospectivity,SIMULATED
SIM_T27_AMB_BH03,T27,AMBIGUOUS_DRILLING_RESULT,21.217318,79.075766,357.2,-60.0,50.5,48.8,Sausar Group (Mansar Formation host),NMET-reported structure/depths + target prospectivity,SIMULATED
SIM_T28_POS_BH01,T28,POSITIVE_DRILLING_INTERSECTION,21.946319,80.122936,344.5,-60.0,56.8,75.9,Sausar Group (Mansar Formation host),NMET-reported structure/depths + target prospectivity,SIMULATED
SIM_T28_POS_BH02,T28,POSITIVE_DRILLING_INTERSECTION,21.945788,80.123505,355.7,-60.0,56.2,57.0,Sausar Group (Mansar Formation host),NMET-reported structure/depths + target prospectivity,SIMULATED
SIM_T28_POS_BH03,T28,POSITIVE_DRILLING_INTERSECTION,21.946529,80.122456,337.6,-60.0,69.0,58.8,Sausar Group (Mansar Formation host),NMET-reported structure/depths + target prospectivity,SIMULATED
SIM_T28_NEG_BH01,T28,NEGATIVE_DRILLING_RESULT,21.947973,80.123629,333.9,-60.0,70.7,76.0,Sausar Group (Mansar Formation host),NMET-reported structure/depths + target prospectivity,SIMULATED
SIM_T28_NEG_BH02,T28,NEGATIVE_DRILLING_RESULT,21.946284,80.122447,333.7,-60.0,98.9,61.3,Sausar Group (Mansar Formation host),NMET-reported structure/depths + target prospectivity,SIMULATED
SIM_T28_NEG_BH03,T28,NEGATIVE_DRILLING_RESULT,21.949238,80.121985,332.9,-60.0,87.9,70.2,Sausar Group (Mansar Formation host),NMET-reported structure/depths + target prospectivity,SIMULATED
SIM_T28_AMB_BH01,T28,AMBIGUOUS_DRILLING_RESULT,21.947803,80.122305,337.6,-60.0,76.3,72.0,Sausar Group (Mansar Formation host),NMET-reported structure/depths + target prospectivity,SIMULATED
SIM_T28_AMB_BH02,T28,AMBIGUOUS_DRILLING_RESULT,21.944962,80.12067,335.8,-60.0,80.9,62.3,Sausar Group (Mansar Formation host),NMET-reported structure/depths + target prospectivity,SIMULATED
SIM_T28_AMB_BH03,T28,AMBIGUOUS_DRILLING_RESULT,21.945903,80.122078,327.7,-60.0,60.8,56.5,Sausar Group (Mansar Formation host),NMET-reported structure/depths + target prospectivity,SIMULATED
SIM_T29_POS_BH01,T29,POSITIVE_DRILLING_INTERSECTION,21.53366,79.64215,343.3,-60.0,80.1,69.9,Sausar Group (Mansar Formation host),NMET-reported structure/depths + target prospectivity,SIMULATED
SIM_T29_POS_BH02,T29,POSITIVE_DRILLING_INTERSECTION,21.528231,79.644214,351.5,-60.0,85.8,69.3,Sausar Group (Mansar Formation host),NMET-reported structure/depths + target prospectivity,SIMULATED
SIM_T29_POS_BH03,T29,POSITIVE_DRILLING_INTERSECTION,21.530454,79.642323,346.7,-60.0,97.6,60.0,Sausar Group (Mansar Formation host),NMET-reported structure/depths + target prospectivity,SIMULATED
SIM_T29_NEG_BH01,T29,NEGATIVE_DRILLING_RESULT,21.527943,79.640627,342.1,-60.0,87.2,69.8,Sausar Group (Mansar Formation host),NMET-reported structure/depths + target prospectivity,SIMULATED
SIM_T29_NEG_BH02,T29,NEGATIVE_DRILLING_RESULT,21.530045,79.642365,337.0,-60.0,98.4,59.9,Sausar Group (Mansar Formation host),NMET-reported structure/depths + target prospectivity,SIMULATED
SIM_T29_NEG_BH03,T29,NEGATIVE_DRILLING_RESULT,21.531657,79.641078,327.1,-60.0,60.5,59.6,Sausar Group (Mansar Formation host),NMET-reported structure/depths + target prospectivity,SIMULATED
SIM_T29_AMB_BH01,T29,AMBIGUOUS_DRILLING_RESULT,21.528948,79.640127,340.0,-60.0,99.0,60.8,Sausar Group (Mansar Formation host),NMET-reported structure/depths + target prospectivity,SIMULATED
SIM_T29_AMB_BH02,T29,AMBIGUOUS_DRILLING_RESULT,21.533415,79.639634,344.7,-60.0,61.4,64.2,Sausar Group (Mansar Formation host),NMET-reported structure/depths + target prospectivity,SIMULATED
SIM_T29_AMB_BH03,T29,AMBIGUOUS_DRILLING_RESULT,21.53024,79.639586,342.1,-60.0,78.6,60.1,Sausar Group (Mansar Formation host),NMET-reported structure/depths + target prospectivity,SIMULATED
SIM_T30_POS_BH01,T30,POSITIVE_DRILLING_INTERSECTION,21.643119,80.388981,335.5,-60.0,87.2,73.3,Sausar Group (Mansar Formation host),NMET-reported structure/depths + target prospectivity,SIMULATED
SIM_T30_POS_BH02,T30,POSITIVE_DRILLING_INTERSECTION,21.641314,80.38689,324.2,-60.0,62.9,56.4,Sausar Group (Mansar Formation host),NMET-reported structure/depths + target prospectivity,SIMULATED
SIM_T30_POS_BH03,T30,POSITIVE_DRILLING_INTERSECTION,21.637314,80.390354,351.5,-60.0,53.4,73.5,Sausar Group (Mansar Formation host),NMET-reported structure/depths + target prospectivity,SIMULATED
SIM_T30_NEG_BH01,T30,NEGATIVE_DRILLING_RESULT,21.641079,80.389432,330.9,-60.0,92.7,63.0,Sausar Group (Mansar Formation host),NMET-reported structure/depths + target prospectivity,SIMULATED
SIM_T30_NEG_BH02,T30,NEGATIVE_DRILLING_RESULT,21.63653,80.391764,334.5,-60.0,81.4,56.2,Sausar Group (Mansar Formation host),NMET-reported structure/depths + target prospectivity,SIMULATED
SIM_T30_NEG_BH03,T30,NEGATIVE_DRILLING_RESULT,21.640737,80.39079,345.8,-60.0,57.9,48.0,Sausar Group (Mansar Formation host),NMET-reported structure/depths + target prospectivity,SIMULATED
SIM_T30_AMB_BH01,T30,AMBIGUOUS_DRILLING_RESULT,21.640603,80.389987,345.2,-60.0,82.2,76.8,Sausar Group (Mansar Formation host),NMET-reported structure/depths + target prospectivity,SIMULATED
SIM_T30_AMB_BH02,T30,AMBIGUOUS_DRILLING_RESULT,21.641846,80.39097,335.6,-60.0,86.5,77.6,Sausar Group (Mansar Formation host),NMET-reported structure/depths + target prospectivity,SIMULATED
SIM_T30_AMB_BH03,T30,AMBIGUOUS_DRILLING_RESULT,21.642988,80.392872,344.4,-60.0,51.8,49.6,Sausar Group (Mansar Formation host),NMET-reported structure/depths + target prospectivity,SIMULATED
SIM_T31_POS_BH01,T31,POSITIVE_DRILLING_INTERSECTION,21.708279,79.897426,349.2,-60.0,50.7,64.0,Sausar Group (Mansar Formation host),NMET-reported structure/depths + target prospectivity,SIMULATED
SIM_T31_POS_BH02,T31,POSITIVE_DRILLING_INTERSECTION,21.705268,79.899098,341.0,-60.0,91.6,77.5,Sausar Group (Mansar Formation host),NMET-reported structure/depths + target prospectivity,SIMULATED
SIM_T31_POS_BH03,T31,POSITIVE_DRILLING_INTERSECTION,21.706407,79.90238,333.9,-60.0,60.6,45.1,Sausar Group (Mansar Formation host),NMET-reported structure/depths + target prospectivity,SIMULATED
SIM_T31_NEG_BH01,T31,NEGATIVE_DRILLING_RESULT,21.710458,79.899338,341.8,-60.0,94.9,48.8,Sausar Group (Mansar Formation host),NMET-reported structure/depths + target prospectivity,SIMULATED
SIM_T31_NEG_BH02,T31,NEGATIVE_DRILLING_RESULT,21.708546,79.898394,329.6,-60.0,79.2,66.8,Sausar Group (Mansar Formation host),NMET-reported structure/depths + target prospectivity,SIMULATED
SIM_T31_NEG_BH03,T31,NEGATIVE_DRILLING_RESULT,21.708534,79.898907,340.5,-60.0,59.5,50.8,Sausar Group (Mansar Formation host),NMET-reported structure/depths + target prospectivity,SIMULATED
SIM_T31_AMB_BH01,T31,AMBIGUOUS_DRILLING_RESULT,21.704514,79.900643,334.4,-60.0,69.2,78.1,Sausar Group (Mansar Formation host),NMET-reported structure/depths + target prospectivity,SIMULATED
SIM_T31_AMB_BH02,T31,AMBIGUOUS_DRILLING_RESULT,21.706332,79.901481,338.4,-60.0,51.8,75.9,Sausar Group (Mansar Formation host),NMET-reported structure/depths + target prospectivity,SIMULATED
SIM_T31_AMB_BH03,T31,AMBIGUOUS_DRILLING_RESULT,21.707682,79.90092,330.9,-60.0,90.6,73.7,Sausar Group (Mansar Formation host),NMET-reported structure/depths + target prospectivity,SIMULATED
SIM_T32_POS_BH01,T32,POSITIVE_DRILLING_INTERSECTION,22.107399,80.378402,341.2,-60.0,53.2,53.9,Sausar Group (Mansar Formation host),NMET-reported structure/depths + target prospectivity,SIMULATED
SIM_T32_POS_BH02,T32,POSITIVE_DRILLING_INTERSECTION,22.107225,80.379579,338.3,-60.0,96.8,51.1,Sausar Group (Mansar Formation host),NMET-reported structure/depths + target prospectivity,SIMULATED
SIM_T32_POS_BH03,T32,POSITIVE_DRILLING_INTERSECTION,22.102873,80.380602,341.6,-60.0,91.5,56.1,Sausar Group (Mansar Formation host),NMET-reported structure/depths + target prospectivity,SIMULATED
SIM_T32_NEG_BH01,T32,NEGATIVE_DRILLING_RESULT,22.102695,80.379608,330.3,-60.0,92.8,59.0,Sausar Group (Mansar Formation host),NMET-reported structure/depths + target prospectivity,SIMULATED
SIM_T32_NEG_BH02,T32,NEGATIVE_DRILLING_RESULT,22.10664,80.381506,341.6,-60.0,72.0,48.2,Sausar Group (Mansar Formation host),NMET-reported structure/depths + target prospectivity,SIMULATED
SIM_T32_NEG_BH03,T32,NEGATIVE_DRILLING_RESULT,22.107832,80.381109,314.0,-60.0,71.2,74.7,Sausar Group (Mansar Formation host),NMET-reported structure/depths + target prospectivity,SIMULATED
SIM_T32_AMB_BH01,T32,AMBIGUOUS_DRILLING_RESULT,22.104384,80.381431,330.3,-60.0,54.6,46.8,Sausar Group (Mansar Formation host),NMET-reported structure/depths + target prospectivity,SIMULATED
SIM_T32_AMB_BH02,T32,AMBIGUOUS_DRILLING_RESULT,22.105137,80.37919,351.8,-60.0,62.2,70.7,Sausar Group (Mansar Formation host),NMET-reported structure/depths + target prospectivity,SIMULATED
SIM_T32_AMB_BH03,T32,AMBIGUOUS_DRILLING_RESULT,22.108892,80.381324,335.9,-60.0,65.9,65.2,Sausar Group (Mansar Formation host),NMET-reported structure/depths + target prospectivity,SIMULATED
SIM_T33_POS_BH01,T33,POSITIVE_DRILLING_INTERSECTION,21.960925,80.500394,335.3,-60.0,88.9,67.7,Sausar Group (Mansar Formation host),NMET-reported structure/depths + target prospectivity,SIMULATED
SIM_T33_POS_BH02,T33,POSITIVE_DRILLING_INTERSECTION,21.961857,80.503137,337.8,-60.0,70.5,49.9,Sausar Group (Mansar Formation host),NMET-reported structure/depths + target prospectivity,SIMULATED
SIM_T33_POS_BH03,T33,POSITIVE_DRILLING_INTERSECTION,21.961417,80.496028,341.3,-60.0,64.3,59.5,Sausar Group (Mansar Formation host),NMET-reported structure/depths + target prospectivity,SIMULATED
SIM_T33_NEG_BH01,T33,NEGATIVE_DRILLING_RESULT,21.960107,80.498746,331.0,-60.0,60.1,71.9,Sausar Group (Mansar Formation host),NMET-reported structure/depths + target prospectivity,SIMULATED
SIM_T33_NEG_BH02,T33,NEGATIVE_DRILLING_RESULT,21.963443,80.498033,330.2,-60.0,63.9,76.4,Sausar Group (Mansar Formation host),NMET-reported structure/depths + target prospectivity,SIMULATED
SIM_T33_NEG_BH03,T33,NEGATIVE_DRILLING_RESULT,21.962484,80.501246,338.1,-60.0,85.5,71.7,Sausar Group (Mansar Formation host),NMET-reported structure/depths + target prospectivity,SIMULATED
SIM_T33_AMB_BH01,T33,AMBIGUOUS_DRILLING_RESULT,21.962119,80.498394,349.2,-60.0,50.1,56.2,Sausar Group (Mansar Formation host),NMET-reported structure/depths + target prospectivity,SIMULATED
SIM_T33_AMB_BH02,T33,AMBIGUOUS_DRILLING_RESULT,21.960927,80.501648,339.4,-60.0,94.1,69.8,Sausar Group (Mansar Formation host),NMET-reported structure/depths + target prospectivity,SIMULATED
SIM_T33_AMB_BH03,T33,AMBIGUOUS_DRILLING_RESULT,21.961306,80.503201,332.6,-60.0,90.9,49.4,Sausar Group (Mansar Formation host),NMET-reported structure/depths + target prospectivity,SIMULATED
SIM_T34_POS_BH01,T34,POSITIVE_DRILLING_INTERSECTION,21.831298,79.932284,335.9,-60.0,88.5,46.5,Sausar Group (Mansar Formation host),NMET-reported structure/depths + target prospectivity,SIMULATED
SIM_T34_POS_BH02,T34,POSITIVE_DRILLING_INTERSECTION,21.830528,79.932215,331.5,-60.0,77.0,65.7,Sausar Group (Mansar Formation host),NMET-reported structure/depths + target prospectivity,SIMULATED
SIM_T34_POS_BH03,T34,POSITIVE_DRILLING_INTERSECTION,21.826372,79.932398,332.1,-60.0,60.1,60.7,Sausar Group (Mansar Formation host),NMET-reported structure/depths + target prospectivity,SIMULATED
SIM_T34_NEG_BH01,T34,NEGATIVE_DRILLING_RESULT,21.831613,79.928065,334.8,-60.0,96.3,48.9,Sausar Group (Mansar Formation host),NMET-reported structure/depths + target prospectivity,SIMULATED
SIM_T34_NEG_BH02,T34,NEGATIVE_DRILLING_RESULT,21.832627,79.935243,353.8,-60.0,56.9,58.8,Sausar Group (Mansar Formation host),NMET-reported structure/depths + target prospectivity,SIMULATED
SIM_T34_NEG_BH03,T34,NEGATIVE_DRILLING_RESULT,21.827336,79.932595,1.4,-60.0,86.6,51.8,Sausar Group (Mansar Formation host),NMET-reported structure/depths + target prospectivity,SIMULATED
SIM_T34_AMB_BH01,T34,AMBIGUOUS_DRILLING_RESULT,21.829295,79.93463,20.3,-60.0,58.4,48.7,Sausar Group (Mansar Formation host),NMET-reported structure/depths + target prospectivity,SIMULATED
SIM_T34_AMB_BH02,T34,AMBIGUOUS_DRILLING_RESULT,21.831554,79.931263,345.4,-60.0,51.6,56.1,Sausar Group (Mansar Formation host),NMET-reported structure/depths + target prospectivity,SIMULATED
SIM_T34_AMB_BH03,T34,AMBIGUOUS_DRILLING_RESULT,21.831238,79.934317,344.8,-60.0,70.0,48.8,Sausar Group (Mansar Formation host),NMET-reported structure/depths + target prospectivity,SIMULATED
SIM_T35_POS_BH01,T35,POSITIVE_DRILLING_INTERSECTION,21.432683,80.204812,333.7,-60.0,72.4,60.2,Sausar Group (Mansar Formation host),NMET-reported structure/depths + target prospectivity,SIMULATED
SIM_T35_POS_BH02,T35,POSITIVE_DRILLING_INTERSECTION,21.435474,80.20365,327.5,-60.0,92.8,78.0,Sausar Group (Mansar Formation host),NMET-reported structure/depths + target prospectivity,SIMULATED
SIM_T35_POS_BH03,T35,POSITIVE_DRILLING_INTERSECTION,21.434598,80.205543,341.5,-60.0,65.4,71.7,Sausar Group (Mansar Formation host),NMET-reported structure/depths + target prospectivity,SIMULATED
SIM_T35_NEG_BH01,T35,NEGATIVE_DRILLING_RESULT,21.433171,80.204024,344.1,-60.0,64.0,60.7,Sausar Group (Mansar Formation host),NMET-reported structure/depths + target prospectivity,SIMULATED
SIM_T35_NEG_BH02,T35,NEGATIVE_DRILLING_RESULT,21.432964,80.202957,346.1,-60.0,94.4,59.1,Sausar Group (Mansar Formation host),NMET-reported structure/depths + target prospectivity,SIMULATED
SIM_T35_NEG_BH03,T35,NEGATIVE_DRILLING_RESULT,21.435056,80.201586,340.1,-60.0,97.3,53.4,Sausar Group (Mansar Formation host),NMET-reported structure/depths + target prospectivity,SIMULATED
SIM_T35_AMB_BH01,T35,AMBIGUOUS_DRILLING_RESULT,21.43267,80.203688,337.8,-60.0,91.7,49.8,Sausar Group (Mansar Formation host),NMET-reported structure/depths + target prospectivity,SIMULATED
SIM_T35_AMB_BH02,T35,AMBIGUOUS_DRILLING_RESULT,21.430947,80.203077,336.7,-60.0,82.5,66.3,Sausar Group (Mansar Formation host),NMET-reported structure/depths + target prospectivity,SIMULATED
SIM_T35_AMB_BH03,T35,AMBIGUOUS_DRILLING_RESULT,21.433464,80.20444,322.1,-60.0,63.0,45.8,Sausar Group (Mansar Formation host),NMET-reported structure/depths + target prospectivity,SIMULATED
SIM_T36_POS_BH01,T36,POSITIVE_DRILLING_INTERSECTION,22.202649,80.641747,352.0,-60.0,75.8,62.8,Sausar Group (Mansar Formation host),NMET-reported structure/depths + target prospectivity,SIMULATED
SIM_T36_POS_BH02,T36,POSITIVE_DRILLING_INTERSECTION,22.199713,80.637796,347.1,-60.0,72.8,68.0,Sausar Group (Mansar Formation host),NMET-reported structure/depths + target prospectivity,SIMULATED
SIM_T36_POS_BH03,T36,POSITIVE_DRILLING_INTERSECTION,22.204369,80.642317,354.9,-60.0,63.8,49.0,Sausar Group (Mansar Formation host),NMET-reported structure/depths + target prospectivity,SIMULATED
SIM_T36_NEG_BH01,T36,NEGATIVE_DRILLING_RESULT,22.202788,80.638501,334.2,-60.0,66.8,63.8,Sausar Group (Mansar Formation host),NMET-reported structure/depths + target prospectivity,SIMULATED
SIM_T36_NEG_BH02,T36,NEGATIVE_DRILLING_RESULT,22.202593,80.641947,342.1,-60.0,89.5,59.5,Sausar Group (Mansar Formation host),NMET-reported structure/depths + target prospectivity,SIMULATED
SIM_T36_NEG_BH03,T36,NEGATIVE_DRILLING_RESULT,22.202825,80.635883,331.0,-60.0,99.2,72.9,Sausar Group (Mansar Formation host),NMET-reported structure/depths + target prospectivity,SIMULATED
SIM_T36_AMB_BH01,T36,AMBIGUOUS_DRILLING_RESULT,22.198788,80.638897,330.1,-60.0,86.3,53.8,Sausar Group (Mansar Formation host),NMET-reported structure/depths + target prospectivity,SIMULATED
SIM_T36_AMB_BH02,T36,AMBIGUOUS_DRILLING_RESULT,22.200194,80.641909,326.6,-60.0,94.0,76.8,Sausar Group (Mansar Formation host),NMET-reported structure/depths + target prospectivity,SIMULATED
SIM_T36_AMB_BH03,T36,AMBIGUOUS_DRILLING_RESULT,22.205393,80.636803,350.5,-60.0,54.1,58.7,Sausar Group (Mansar Formation host),NMET-reported structure/depths + target prospectivity,SIMULATED
SIM_T37_POS_BH01,T37,POSITIVE_DRILLING_INTERSECTION,21.881461,80.783065,326.9,-60.0,85.3,72.4,Sausar Group (Mansar Formation host),NMET-reported structure/depths + target prospectivity,SIMULATED
SIM_T37_POS_BH02,T37,POSITIVE_DRILLING_INTERSECTION,21.879372,80.78143,354.2,-60.0,50.3,71.2,Sausar Group (Mansar Formation host),NMET-reported structure/depths + target prospectivity,SIMULATED
SIM_T37_POS_BH03,T37,POSITIVE_DRILLING_INTERSECTION,21.878007,80.783464,340.1,-60.0,86.2,46.9,Sausar Group (Mansar Formation host),NMET-reported structure/depths + target prospectivity,SIMULATED
SIM_T37_NEG_BH01,T37,NEGATIVE_DRILLING_RESULT,21.878136,80.780297,343.0,-60.0,79.8,73.9,Sausar Group (Mansar Formation host),NMET-reported structure/depths + target prospectivity,SIMULATED
SIM_T37_NEG_BH02,T37,NEGATIVE_DRILLING_RESULT,21.87994,80.784626,343.5,-60.0,82.1,79.1,Sausar Group (Mansar Formation host),NMET-reported structure/depths + target prospectivity,SIMULATED
SIM_T37_NEG_BH03,T37,NEGATIVE_DRILLING_RESULT,21.875401,80.782073,343.5,-60.0,98.7,55.5,Sausar Group (Mansar Formation host),NMET-reported structure/depths + target prospectivity,SIMULATED
SIM_T37_AMB_BH01,T37,AMBIGUOUS_DRILLING_RESULT,21.876699,80.784123,328.6,-60.0,95.9,56.8,Sausar Group (Mansar Formation host),NMET-reported structure/depths + target prospectivity,SIMULATED
SIM_T37_AMB_BH02,T37,AMBIGUOUS_DRILLING_RESULT,21.877682,80.785541,352.3,-60.0,81.8,77.5,Sausar Group (Mansar Formation host),NMET-reported structure/depths + target prospectivity,SIMULATED
SIM_T37_AMB_BH03,T37,AMBIGUOUS_DRILLING_RESULT,21.876658,80.780533,342.6,-60.0,55.9,57.6,Sausar Group (Mansar Formation host),NMET-reported structure/depths + target prospectivity,SIMULATED
SIM_T38_POS_BH01,T38,POSITIVE_DRILLING_INTERSECTION,21.455435,79.158711,333.1,-60.0,74.8,69.3,Sausar Group (Mansar Formation host),NMET-reported structure/depths + target prospectivity,SIMULATED
SIM_T38_POS_BH02,T38,POSITIVE_DRILLING_INTERSECTION,21.453699,79.161025,345.1,-60.0,93.3,56.4,Sausar Group (Mansar Formation host),NMET-reported structure/depths + target prospectivity,SIMULATED
SIM_T38_POS_BH03,T38,POSITIVE_DRILLING_INTERSECTION,21.459691,79.159418,342.1,-60.0,99.3,71.4,Sausar Group (Mansar Formation host),NMET-reported structure/depths + target prospectivity,SIMULATED
SIM_T38_NEG_BH01,T38,NEGATIVE_DRILLING_RESULT,21.455658,79.160611,354.8,-60.0,66.7,56.5,Sausar Group (Mansar Formation host),NMET-reported structure/depths + target prospectivity,SIMULATED
SIM_T38_NEG_BH02,T38,NEGATIVE_DRILLING_RESULT,21.454954,79.160091,346.9,-60.0,84.2,57.6,Sausar Group (Mansar Formation host),NMET-reported structure/depths + target prospectivity,SIMULATED
SIM_T38_NEG_BH03,T38,NEGATIVE_DRILLING_RESULT,21.458866,79.156993,334.9,-60.0,85.2,57.0,Sausar Group (Mansar Formation host),NMET-reported structure/depths + target prospectivity,SIMULATED
SIM_T38_AMB_BH01,T38,AMBIGUOUS_DRILLING_RESULT,21.456161,79.160578,348.9,-60.0,93.6,76.8,Sausar Group (Mansar Formation host),NMET-reported structure/depths + target prospectivity,SIMULATED
SIM_T38_AMB_BH02,T38,AMBIGUOUS_DRILLING_RESULT,21.460148,79.158512,343.4,-60.0,58.0,47.9,Sausar Group (Mansar Formation host),NMET-reported structure/depths + target prospectivity,SIMULATED
SIM_T38_AMB_BH03,T38,AMBIGUOUS_DRILLING_RESULT,21.456165,79.160389,348.3,-60.0,87.0,48.3,Sausar Group (Mansar Formation host),NMET-reported structure/depths + target prospectivity,SIMULATED
SIM_T39_POS_BH01,T39,POSITIVE_DRILLING_INTERSECTION,21.878767,80.586914,356.6,-60.0,78.7,78.9,Sausar Group (Mansar Formation host),NMET-reported structure/depths + target prospectivity,SIMULATED
SIM_T39_POS_BH02,T39,POSITIVE_DRILLING_INTERSECTION,21.87958,80.59183,329.4,-60.0,82.3,69.6,Sausar Group (Mansar Formation host),NMET-reported structure/depths + target prospectivity,SIMULATED
SIM_T39_POS_BH03,T39,POSITIVE_DRILLING_INTERSECTION,21.876541,80.591449,317.9,-60.0,64.1,69.9,Sausar Group (Mansar Formation host),NMET-reported structure/depths + target prospectivity,SIMULATED
SIM_T39_NEG_BH01,T39,NEGATIVE_DRILLING_RESULT,21.873076,80.586058,345.7,-60.0,51.0,48.4,Sausar Group (Mansar Formation host),NMET-reported structure/depths + target prospectivity,SIMULATED
SIM_T39_NEG_BH02,T39,NEGATIVE_DRILLING_RESULT,21.877165,80.586865,351.0,-60.0,75.6,67.5,Sausar Group (Mansar Formation host),NMET-reported structure/depths + target prospectivity,SIMULATED
SIM_T39_NEG_BH03,T39,NEGATIVE_DRILLING_RESULT,21.877829,80.587494,333.1,-60.0,81.6,67.3,Sausar Group (Mansar Formation host),NMET-reported structure/depths + target prospectivity,SIMULATED
SIM_T39_AMB_BH01,T39,AMBIGUOUS_DRILLING_RESULT,21.876384,80.587241,338.5,-60.0,56.9,55.7,Sausar Group (Mansar Formation host),NMET-reported structure/depths + target prospectivity,SIMULATED
SIM_T39_AMB_BH02,T39,AMBIGUOUS_DRILLING_RESULT,21.875202,80.585867,341.5,-60.0,79.9,63.3,Sausar Group (Mansar Formation host),NMET-reported structure/depths + target prospectivity,SIMULATED
SIM_T39_AMB_BH03,T39,AMBIGUOUS_DRILLING_RESULT,21.87566,80.585006,343.9,-60.0,56.0,67.1,Sausar Group (Mansar Formation host),NMET-reported structure/depths + target prospectivity,SIMULATED
SIM_T40_POS_BH01,T40,POSITIVE_DRILLING_INTERSECTION,21.51194,79.730125,344.1,-60.0,85.0,72.5,Sausar Group (Mansar Formation host),NMET-reported structure/depths + target prospectivity,SIMULATED
SIM_T40_POS_BH02,T40,POSITIVE_DRILLING_INTERSECTION,21.512639,79.730242,347.0,-60.0,58.2,73.0,Sausar Group (Mansar Formation host),NMET-reported structure/depths + target prospectivity,SIMULATED
SIM_T40_POS_BH03,T40,POSITIVE_DRILLING_INTERSECTION,21.515254,79.735681,325.7,-60.0,64.5,78.5,Sausar Group (Mansar Formation host),NMET-reported structure/depths + target prospectivity,SIMULATED
SIM_T40_NEG_BH01,T40,NEGATIVE_DRILLING_RESULT,21.512879,79.728159,332.4,-60.0,86.5,45.3,Sausar Group (Mansar Formation host),NMET-reported structure/depths + target prospectivity,SIMULATED
SIM_T40_NEG_BH02,T40,NEGATIVE_DRILLING_RESULT,21.514089,79.726541,346.3,-60.0,79.5,47.7,Sausar Group (Mansar Formation host),NMET-reported structure/depths + target prospectivity,SIMULATED
SIM_T40_NEG_BH03,T40,NEGATIVE_DRILLING_RESULT,21.512281,79.732665,324.6,-60.0,97.8,49.7,Sausar Group (Mansar Formation host),NMET-reported structure/depths + target prospectivity,SIMULATED
SIM_T40_AMB_BH01,T40,AMBIGUOUS_DRILLING_RESULT,21.517052,79.728906,331.8,-60.0,84.7,67.8,Sausar Group (Mansar Formation host),NMET-reported structure/depths + target prospectivity,SIMULATED
SIM_T40_AMB_BH02,T40,AMBIGUOUS_DRILLING_RESULT,21.511066,79.731715,335.2,-60.0,52.2,46.2,Sausar Group (Mansar Formation host),NMET-reported structure/depths + target prospectivity,SIMULATED
SIM_T40_AMB_BH03,T40,AMBIGUOUS_DRILLING_RESULT,21.514114,79.731256,322.9,-60.0,94.2,59.0,Sausar Group (Mansar Formation host),NMET-reported structure/depths + target prospectivity,SIMULATED
