dep_id,site_name,dev_stat,lat,lon,commodities,url,label_use
10003833,Amatola,Occurrence,21.76615,80.11701,MN,https://mrdata.usgs.gov/mrds/show-mrds.php?dep_id=10003833,POSITIVE
10003834,Banjari,Occurrence,21.8828,80.31701,MN,https://mrdata.usgs.gov/mrds/show-mrds.php?dep_id=10003834,POSITIVE
10003835,Banjartola,Past Producer,21.95779,80.27534,MN,https://mrdata.usgs.gov/mrds/show-mrds.php?dep_id=10003835,POSITIVE
10003836,Barbaspur,Occurrence,21.79947,80.10867,MN,https://mrdata.usgs.gov/mrds/show-mrds.php?dep_id=10003836,POSITIVE
10003837,Bharweli,Past Producer,21.81614,80.18367,MN,https://mrdata.usgs.gov/mrds/show-mrds.php?dep_id=10003837,POSITIVE
10003838,Bharweli,Occurrence,21.8328,80.23367,MN,https://mrdata.usgs.gov/mrds/show-mrds.php?dep_id=10003838,POSITIVE
10003839,Bijora,Occurrence,21.97446,80.38367,MN,https://mrdata.usgs.gov/mrds/show-mrds.php?dep_id=10003839,POSITIVE
10003840,Birsola,Occurrence,21.87447,80.11701,MN,https://mrdata.usgs.gov/mrds/show-mrds.php?dep_id=10003840,POSITIVE
10003842,Chiklajhori,Occurrence,21.94946,80.40033,MN,https://mrdata.usgs.gov/mrds/show-mrds.php?dep_id=10003842,POSITIVE
10003843,Dhapewata,Occurrence,21.89114,80.19201,MN,https://mrdata.usgs.gov/mrds/show-mrds.php?dep_id=10003843,POSITIVE
10003844,Dongargaon,Occurrence,21.71615,80.08367,MN,https://mrdata.usgs.gov/mrds/show-mrds.php?dep_id=10003844,POSITIVE
10003845,Enkatola,Occurrence,21.36618,80.16701,MN,https://mrdata.usgs.gov/mrds/show-mrds.php?dep_id=10003845,POSITIVE
10003847,Ghondi,Past Producer,21.91613,80.417,MN,https://mrdata.usgs.gov/mrds/show-mrds.php?dep_id=10003847,POSITIVE
10003848,Gongalpara,Occurrence,21.89946,80.30034,MN,https://mrdata.usgs.gov/mrds/show-mrds.php?dep_id=10003848,POSITIVE
10003849,Gulla Hurki,Occurrence,21.87864,79.99202,MN,https://mrdata.usgs.gov/mrds/show-mrds.php?dep_id=10003849,POSITIVE
10003850,Hirapur,Occurrence,21.84947,80.24201,MN,https://mrdata.usgs.gov/mrds/show-mrds.php?dep_id=10003850,POSITIVE
10003851,Jaitpuri,Occurrence,22.01612,80.36701,MN,https://mrdata.usgs.gov/mrds/show-mrds.php?dep_id=10003851,POSITIVE
10003853,Kanatola,Occurrence,21.87447,80.35034,MN,https://mrdata.usgs.gov/mrds/show-mrds.php?dep_id=10003853,POSITIVE
10003854,Katangi,Occurrence,21.76615,79.80035,MN,https://mrdata.usgs.gov/mrds/show-mrds.php?dep_id=10003854,POSITIVE
10003855,Kera,Occurrence,21.74948,80.11701,MN,https://mrdata.usgs.gov/mrds/show-mrds.php?dep_id=10003855,POSITIVE
10003856,Kokma,Occurrence,21.98279,80.26701,MN,https://mrdata.usgs.gov/mrds/show-mrds.php?dep_id=10003856,POSITIVE
10003857,Kosmi,Occurrence,21.79947,80.20867,MN,https://mrdata.usgs.gov/mrds/show-mrds.php?dep_id=10003857,POSITIVE
10003858,Kurthitola,Occurrence,21.94946,80.25034,MN,https://mrdata.usgs.gov/mrds/show-mrds.php?dep_id=10003858,POSITIVE
10003859,Laugur,Past Producer,21.93279,80.35034,MN,https://mrdata.usgs.gov/mrds/show-mrds.php?dep_id=10003859,POSITIVE
10003862,Peli,Occurrence,21.86614,80.26701,MN,https://mrdata.usgs.gov/mrds/show-mrds.php?dep_id=10003862,POSITIVE
10003863,Piparia,Occurrence,21.74948,80.16701,MN,https://mrdata.usgs.gov/mrds/show-mrds.php?dep_id=10003863,POSITIVE
10003864,Polwatur,Occurrence,21.99947,80.29201,MN,https://mrdata.usgs.gov/mrds/show-mrds.php?dep_id=10003864,POSITIVE
10003865,Rajpur,Occurrence,21.98279,80.36701,MN,https://mrdata.usgs.gov/mrds/show-mrds.php?dep_id=10003865,POSITIVE
10003867,Samnapur,Occurrence,21.96613,80.48366,MN,https://mrdata.usgs.gov/mrds/show-mrds.php?dep_id=10003867,POSITIVE
10003871,Sonawani,Occurrence,21.86614,80.35034,MN,https://mrdata.usgs.gov/mrds/show-mrds.php?dep_id=10003871,POSITIVE
10003872,Titwa,Occurrence,21.99529,80.13367,MN,https://mrdata.usgs.gov/mrds/show-mrds.php?dep_id=10003872,POSITIVE
10003875,Waraseoni,Occurrence,21.76615,80.04201,MN,https://mrdata.usgs.gov/mrds/show-mrds.php?dep_id=10003875,POSITIVE
10081079,Balapur/Hamesha,Occurrence,21.5495,79.70035,MN,https://mrdata.usgs.gov/mrds/show-mrds.php?dep_id=10081079,POSITIVE
10090204,Agarware,Occurrence,21.87447,80.20867,MN,https://mrdata.usgs.gov/mrds/show-mrds.php?dep_id=10090204,POSITIVE
10090205,Baihar,Occurrence,22.04945,80.567,MN,https://mrdata.usgs.gov/mrds/show-mrds.php?dep_id=10090205,POSITIVE
10090206,Behrai,Occurrence,21.84947,80.13367,MN,https://mrdata.usgs.gov/mrds/show-mrds.php?dep_id=10090206,POSITIVE
10090207,Bijora,Occurrence,21.97446,80.38367,MN,https://mrdata.usgs.gov/mrds/show-mrds.php?dep_id=10090207,EXCLUDED_DUPLICATE_LOCATION
10090208,Chatera,Occurrence,21.86614,80.13367,MN,https://mrdata.usgs.gov/mrds/show-mrds.php?dep_id=10090208,POSITIVE
10090209,Dhapera,Occurrence,21.89114,80.16284,MN,https://mrdata.usgs.gov/mrds/show-mrds.php?dep_id=10090209,POSITIVE
10090210,Ekodi,Occurrence,21.79114,80.14201,MN,https://mrdata.usgs.gov/mrds/show-mrds.php?dep_id=10090210,POSITIVE
10090211,Gaonajhola,Occurrence,22.00778,80.36701,MN,https://mrdata.usgs.gov/mrds/show-mrds.php?dep_id=10090211,POSITIVE
10090212,Garra,Occurrence,21.79947,80.15034,MN,https://mrdata.usgs.gov/mrds/show-mrds.php?dep_id=10090212,POSITIVE
10090213,Hirmutola,Occurrence,21.98279,80.13367,MN,https://mrdata.usgs.gov/mrds/show-mrds.php?dep_id=10090213,POSITIVE
10090214,Jamunjhola,Occurrence,21.92168,80.23784,MN,https://mrdata.usgs.gov/mrds/show-mrds.php?dep_id=10090214,POSITIVE
10090215,Kategaon,Occurrence,21.99113,80.15867,MN,https://mrdata.usgs.gov/mrds/show-mrds.php?dep_id=10090215,POSITIVE
10090216,Khara,Occurrence,21.96613,80.26701,MN,https://mrdata.usgs.gov/mrds/show-mrds.php?dep_id=10090216,POSITIVE
10090217,Kot Pahar,Occurrence,21.89114,80.40866,MN,https://mrdata.usgs.gov/mrds/show-mrds.php?dep_id=10090217,POSITIVE
10090218,Manegaon,Occurrence,21.84947,80.25034,MN,https://mrdata.usgs.gov/mrds/show-mrds.php?dep_id=10090218,POSITIVE
10090219,Pindkapar,Occurrence,21.98279,80.43366,MN,https://mrdata.usgs.gov/mrds/show-mrds.php?dep_id=10090219,POSITIVE
10090220,Pipartola,Occurrence,21.87447,80.20867,MN,https://mrdata.usgs.gov/mrds/show-mrds.php?dep_id=10090220,EXCLUDED_DUPLICATE_LOCATION
10090221,Salpa,Occurrence,21.99947,80.35034,MN,https://mrdata.usgs.gov/mrds/show-mrds.php?dep_id=10090221,POSITIVE
10090222,Samnapur R.S,Occurrence,21.86614,80.35034,MN,https://mrdata.usgs.gov/mrds/show-mrds.php?dep_id=10090222,EXCLUDED_DUPLICATE_LOCATION
10090223,Sonpuri,Occurrence,21.94946,80.467,MN,https://mrdata.usgs.gov/mrds/show-mrds.php?dep_id=10090223,POSITIVE
10090224,Talabori,Occurrence,21.94946,80.31701,MN,https://mrdata.usgs.gov/mrds/show-mrds.php?dep_id=10090224,POSITIVE
10090225,Umardaoni,Occurrence,21.92724,80.23367,MN,https://mrdata.usgs.gov/mrds/show-mrds.php?dep_id=10090225,POSITIVE
10094105,Ramrama,Occurrence,21.85503,79.94202,MN,https://mrdata.usgs.gov/mrds/show-mrds.php?dep_id=10094105,POSITIVE
10106594,Ukwa,Producer,21.96613,80.467,MN,https://mrdata.usgs.gov/mrds/show-mrds.php?dep_id=10106594,POSITIVE
10133872,Chorbaoli-Muknapur Manganese Ore,Prospect,21.4795,79.31036,MN,https://mrdata.usgs.gov/mrds/show-mrds.php?dep_id=10133872,POSITIVE
10133901,Lohdongri Deposit,Past Producer,21.32952,79.36036,FE MN P SIL,https://mrdata.usgs.gov/mrds/show-mrds.php?dep_id=10133901,POSITIVE
10134113,Rungta:S Mine,Past Producer,21.39951,79.45036,MN SIL,https://mrdata.usgs.gov/mrds/show-mrds.php?dep_id=10134113,POSITIVE
10134171,Goguldoho Mines: Western and East,Producer,21.40951,79.43036,MN,https://mrdata.usgs.gov/mrds/show-mrds.php?dep_id=10134171,POSITIVE
10158629,Laugur Mine,Producer,21.92946,80.35034,FE MN P SIL,https://mrdata.usgs.gov/mrds/show-mrds.php?dep_id=10158629,POSITIVE
10159238,Tirodi,Producer,21.68278,79.75035,MN,https://mrdata.usgs.gov/mrds/show-mrds.php?dep_id=10159238,POSITIVE
10183457,Maharashtra-Madya Pradesh Area,Producer,21.95506,80.05034,MN P,https://mrdata.usgs.gov/mrds/show-mrds.php?dep_id=10183457,EXCLUDED_REGIONAL_RECORD
10183530,Manegaon Mines,Producer,21.82947,80.26034,FE MN P SIL,https://mrdata.usgs.gov/mrds/show-mrds.php?dep_id=10183530,POSITIVE
10206660,Beldongri,Producer,21.34951,79.30036,MN,https://mrdata.usgs.gov/mrds/show-mrds.php?dep_id=10206660,POSITIVE
10207106,Satak Mine and Satak Extension Mi,Past Producer,21.34951,79.26036,FE MN P SIL,https://mrdata.usgs.gov/mrds/show-mrds.php?dep_id=10207106,POSITIVE
10207184,Ukwa,Producer,21.95946,80.46033,MN,https://mrdata.usgs.gov/mrds/show-mrds.php?dep_id=10207184,POSITIVE
10207185,Kandri Mine,Plant,21.40951,79.28036,MN AL FE P SIL,https://mrdata.usgs.gov/mrds/show-mrds.php?dep_id=10207185,POSITIVE
10207244,Gumgaon,Producer,21.39951,78.98367,MN,https://mrdata.usgs.gov/mrds/show-mrds.php?dep_id=10207244,POSITIVE
10207330,Junewani Mines Area:  Junewani Mi,Producer,21.4795,79.26036,MN,https://mrdata.usgs.gov/mrds/show-mrds.php?dep_id=10207330,EXCLUDED_REGIONAL_RECORD
10208578,Bhandarbori Mine,Producer,21.39951,79.45036,MN,https://mrdata.usgs.gov/mrds/show-mrds.php?dep_id=10208578,EXCLUDED_DUPLICATE_LOCATION
10231163,Jagantola and Ghondi Mines,Past Producer,21.94946,80.26034,MN,https://mrdata.usgs.gov/mrds/show-mrds.php?dep_id=10231163,POSITIVE
10255721,Salai-Ghoti Belt,Past Producer,21.5095,79.43036,MN,https://mrdata.usgs.gov/mrds/show-mrds.php?dep_id=10255721,POSITIVE
10256031,Mudda Mines,Past Producer,21.4595,79.41036,MN,https://mrdata.usgs.gov/mrds/show-mrds.php?dep_id=10256031,POSITIVE
10279381,Mandri Mine,Producer,21.40951,79.40036,MN P,https://mrdata.usgs.gov/mrds/show-mrds.php?dep_id=10279381,POSITIVE
10279384,Maharashtra/Mahya Pradesh Area,Producer,21.99947,79.00038,MN,https://mrdata.usgs.gov/mrds/show-mrds.php?dep_id=10279384,EXCLUDED_REGIONAL_RECORD
10279528,Waregaon Deposit,Past Producer,21.32952,79.41036,MN,https://mrdata.usgs.gov/mrds/show-mrds.php?dep_id=10279528,POSITIVE
10303989,Mansar,Producer,21.39951,79.26036,MN,https://mrdata.usgs.gov/mrds/show-mrds.php?dep_id=10303989,POSITIVE
60000571,Madhya Pradesh and Maharashtra States,Producer,21.83277,80.30034,MN,https://mrdata.usgs.gov/mrds/show-mrds.php?dep_id=60000571,POSITIVE
