date,rainfall_mm,temperature_max_c,soil_moisture_m3m3
2021-01-01,0.0,27.7,0.279
2021-01-02,0.0,27.8,0.274
2021-01-03,0.0,28.7,0.266
2021-01-04,0.0,28.5,0.262
2021-01-05,0.0,30.2,0.262
2021-01-06,0.0,29.5,0.261
2021-01-07,0.0,29.4,0.26
2021-01-08,0.0,28.6,0.261
2021-01-09,0.0,30.7,0.259
2021-01-10,0.0,30.7,0.262
2021-01-11,0.0,30.4,0.262
2021-01-12,0.0,29.6,0.26
2021-01-13,0.0,26.8,0.263
2021-01-14,0.0,26.6,0.258
2021-01-15,0.0,27.1,0.257
2021-01-16,0.0,28.8,0.258
2021-01-17,0.0,29.7,0.259
2021-01-18,0.0,29.6,0.254
2021-01-19,0.0,30.4,0.253
2021-01-20,0.0,30.2,0.252
2021-01-21,0.0,29.2,0.252
2021-01-22,0.0,28.8,0.252
2021-01-23,0.0,30.1,0.253
2021-01-24,0.0,30.8,0.253
2021-01-25,0.0,30.2,0.253
2021-01-26,0.0,29.3,0.253
2021-01-27,0.0,28.7,0.253
2021-01-28,0.7,28.5,0.254
2021-01-29,3.1,26.9,0.275
2021-01-30,0.0,26.0,0.282
2021-01-31,0.0,26.7,0.278
2021-02-01,0.0,27.0,0.276
2021-02-02,0.0,29.1,0.271
2021-02-03,0.0,29.7,0.27
2021-02-04,0.0,29.5,0.268
2021-02-05,0.0,29.7,0.266
2021-02-06,0.0,27.8,0.263
2021-02-07,0.0,26.3,0.262
2021-02-08,0.0,27.3,0.261
2021-02-09,0.0,29.3,0.261
2021-02-10,0.0,30.6,0.26
2021-02-11,0.0,30.9,0.26
2021-02-12,0.0,31.0,0.263
2021-02-13,0.0,31.8,0.259
2021-02-14,0.0,31.1,0.258
2021-02-15,0.0,30.6,0.258
2021-02-16,0.2,29.8,0.257
2021-02-17,7.0,25.7,0.314
2021-02-18,0.0,27.6,0.355
2021-02-19,0.0,26.0,0.349
2021-02-20,0.0,28.0,0.344
2021-02-21,0.0,29.4,0.334
2021-02-22,0.0,30.5,0.328
2021-02-23,0.0,31.4,0.319
2021-02-24,0.0,31.9,0.313
2021-02-25,0.0,33.5,0.309
2021-02-26,0.0,34.2,0.304
2021-02-27,0.0,33.7,0.298
2021-02-28,0.0,34.7,0.291
2021-03-01,0.0,35.3,0.287
2021-03-02,0.0,33.0,0.285
2021-03-03,0.0,32.1,0.277
2021-03-04,0.0,34.5,0.27
2021-03-05,0.0,35.7,0.27
2021-03-06,0.0,34.8,0.268
2021-03-07,0.0,34.9,0.265
2021-03-08,0.0,35.4,0.262
2021-03-09,0.0,35.8,0.259
2021-03-10,0.0,35.3,0.258
2021-03-11,0.0,34.7,0.257
2021-03-12,0.0,35.0,0.256
2021-03-13,0.0,33.1,0.255
2021-03-14,0.0,33.1,0.258
2021-03-15,0.0,34.4,0.267
2021-03-16,0.0,34.3,0.266
2021-03-17,0.0,35.0,0.261
2021-03-18,0.0,34.9,0.268
2021-03-19,1.7,32.7,0.285
2021-03-20,0.0,34.4,0.291
2021-03-21,0.0,34.6,0.291
2021-03-22,0.2,34.8,0.292
2021-03-23,0.0,30.3,0.301
2021-03-24,0.0,34.7,0.301
2021-03-25,0.0,35.4,0.297
2021-03-26,0.0,35.4,0.293
2021-03-27,0.0,36.7,0.285
2021-03-28,0.0,37.5,0.28
2021-03-29,0.0,39.1,0.28
2021-03-30,0.0,40.1,0.278
2021-03-31,0.0,39.2,0.272
2021-04-01,0.0,38.9,0.266
2021-04-02,0.0,38.4,0.262
2021-04-03,0.0,39.3,0.266
2021-04-04,0.0,39.1,0.27
2021-04-05,0.0,39.5,0.264
2021-04-06,0.0,40.1,0.256
2021-04-07,0.0,40.2,0.255
2021-04-08,0.0,39.4,0.255
2021-04-09,0.0,37.8,0.254
2021-04-10,0.0,37.5,0.247
2021-04-11,0.0,35.1,0.245
2021-04-12,0.0,37.3,0.245
2021-04-13,0.0,37.6,0.247
2021-04-14,0.0,37.8,0.247
2021-04-15,0.0,35.3,0.247
2021-04-16,0.0,37.5,0.247
2021-04-17,0.0,38.0,0.251
2021-04-18,0.0,38.9,0.253
2021-04-19,0.0,38.3,0.253
2021-04-20,0.0,38.9,0.253
2021-04-21,0.0,36.6,0.253
2021-04-22,0.0,37.4,0.258
2021-04-23,0.0,37.8,0.259
2021-04-24,0.0,38.4,0.259
2021-04-25,0.0,38.7,0.262
2021-04-26,0.0,39.1,0.258
2021-04-27,0.0,39.5,0.259
2021-04-28,0.0,39.8,0.254
2021-04-29,0.0,40.5,0.253
2021-04-30,0.0,40.3,0.256
2021-05-01,0.0,40.2,0.257
2021-05-02,0.0,36.3,0.256
2021-05-03,0.1,35.3,0.258
2021-05-04,0.0,37.1,0.258
2021-05-05,0.0,38.4,0.258
2021-05-06,0.5,38.6,0.256
2021-05-07,0.8,37.0,0.257
2021-05-08,0.0,38.2,0.255
2021-05-09,20.2,35.3,0.279
2021-05-10,0.0,38.0,0.274
2021-05-11,0.4,36.7,0.28
2021-05-12,0.0,39.1,0.291
2021-05-13,0.0,38.6,0.287
2021-05-14,0.0,38.2,0.283
2021-05-15,0.0,36.4,0.275
2021-05-16,0.0,37.9,0.267
2021-05-17,0.0,37.5,0.264
2021-05-18,0.2,37.6,0.268
2021-05-19,4.1,37.3,0.304
2021-05-20,0.9,35.6,0.318
2021-05-21,0.0,37.4,0.299
2021-05-22,0.0,38.8,0.282
2021-05-23,0.0,38.4,0.273
2021-05-24,0.0,38.3,0.269
2021-05-25,0.0,39.1,0.264
2021-05-26,0.0,39.8,0.265
2021-05-27,0.0,40.3,0.261
2021-05-28,0.1,40.5,0.252
2021-05-29,0.0,40.5,0.247
2021-05-30,0.3,39.2,0.25
2021-05-31,0.0,37.6,0.255
2021-06-01,0.0,38.1,0.257
2021-06-02,0.0,35.2,0.265
2021-06-03,0.0,37.3,0.269
2021-06-04,2.8,30.2,0.289
2021-06-05,0.1,34.4,0.309
2021-06-06,8.3,35.5,0.333
2021-06-07,0.7,37.4,0.287
2021-06-08,5.3,36.9,0.317
2021-06-09,13.6,32.6,0.391
2021-06-10,25.0,31.0,0.477
2021-06-11,30.7,28.4,0.507
2021-06-12,27.8,29.8,0.508
2021-06-13,8.6,33.0,0.502
2021-06-14,4.8,31.1,0.499
2021-06-15,3.8,32.0,0.49
2021-06-16,0.7,32.3,0.478
2021-06-17,24.1,32.1,0.49
2021-06-18,8.8,29.6,0.504
2021-06-19,2.2,31.1,0.494
2021-06-20,1.8,31.8,0.477
2021-06-21,0.0,32.2,0.46
2021-06-22,23.9,32.8,0.47
2021-06-23,10.6,30.4,0.503
2021-06-24,23.4,30.1,0.504
2021-06-25,5.3,30.4,0.501
2021-06-26,2.8,32.4,0.488
2021-06-27,8.8,32.2,0.482
2021-06-28,8.8,32.0,0.501
2021-06-29,3.1,32.1,0.485
2021-06-30,14.5,33.5,0.486
2021-07-01,6.4,33.5,0.477
2021-07-02,7.5,28.8,0.494
2021-07-03,0.2,32.8,0.48
2021-07-04,0.0,34.1,0.462
2021-07-05,5.2,33.5,0.467
2021-07-06,2.4,33.4,0.486
2021-07-07,8.1,33.9,0.478
2021-07-08,41.6,26.9,0.511
2021-07-09,9.4,31.2,0.498
2021-07-10,18.9,31.2,0.5
2021-07-11,14.3,32.4,0.503
2021-07-12,2.7,32.0,0.487
2021-07-13,2.7,32.6,0.469
2021-07-14,2.0,32.0,0.464
2021-07-15,0.9,32.0,0.453
2021-07-16,1.0,32.7,0.439
2021-07-17,0.8,33.5,0.42
2021-07-18,0.8,32.6,0.408
2021-07-19,2.9,32.7,0.432
2021-07-20,17.6,29.6,0.469
2021-07-21,28.4,26.9,0.509
2021-07-22,22.2,30.2,0.504
2021-07-23,12.9,30.3,0.506
2021-07-24,17.1,27.5,0.51
2021-07-25,18.3,29.9,0.498
2021-07-26,0.8,30.2,0.479
2021-07-27,12.7,30.0,0.486
2021-07-28,19.8,26.3,0.514
2021-07-29,6.3,28.2,0.499
2021-07-30,14.8,25.7,0.502
2021-07-31,5.0,30.3,0.502
2021-08-01,3.0,30.6,0.494
2021-08-02,2.5,30.2,0.49
2021-08-03,0.5,29.4,0.475
2021-08-04,1.0,31.1,0.461
2021-08-05,8.1,29.4,0.472
2021-08-06,1.0,30.2,0.485
2021-08-07,0.9,31.2,0.486
2021-08-08,2.2,31.0,0.482
2021-08-09,0.9,32.6,0.469
2021-08-10,11.1,31.1,0.477
2021-08-11,0.6,31.8,0.48
2021-08-12,1.4,32.7,0.461
2021-08-13,3.7,31.9,0.454
2021-08-14,2.5,32.0,0.437
2021-08-15,1.4,31.6,0.429
2021-08-16,5.5,32.5,0.439
2021-08-17,54.2,29.4,0.507
2021-08-18,31.7,29.1,0.509
2021-08-19,51.3,28.2,0.51
2021-08-20,1.7,28.9,0.499
2021-08-21,4.3,30.3,0.495
2021-08-22,5.8,30.9,0.49
2021-08-23,6.2,31.2,0.49
2021-08-24,5.0,31.9,0.483
2021-08-25,0.7,32.7,0.467
2021-08-26,1.0,31.6,0.455
2021-08-27,1.0,32.2,0.44
2021-08-28,7.3,31.1,0.426
2021-08-29,20.5,31.1,0.494
2021-08-30,19.4,31.3,0.504
2021-08-31,11.0,30.7,0.498
2021-09-01,8.5,30.3,0.5
2021-09-02,4.3,30.4,0.498
2021-09-03,2.3,30.7,0.486
2021-09-04,3.9,30.0,0.499
2021-09-05,5.4,30.9,0.503
2021-09-06,18.0,30.9,0.501
2021-09-07,5.6,30.5,0.499
2021-09-08,8.3,28.8,0.507
2021-09-09,37.7,26.5,0.507
2021-09-10,16.2,29.9,0.506
2021-09-11,14.3,29.3,0.497
2021-09-12,19.8,29.2,0.503
2021-09-13,14.5,30.8,0.503
2021-09-14,34.0,29.6,0.509
2021-09-15,92.7,25.9,0.513
2021-09-16,4.4,27.4,0.505
2021-09-17,2.4,28.3,0.491
2021-09-18,1.2,29.8,0.482
2021-09-19,1.7,31.0,0.465
2021-09-20,30.8,26.2,0.496
2021-09-21,8.0,30.1,0.498
2021-09-22,1.9,30.9,0.482
2021-09-23,9.2,31.1,0.491
2021-09-24,14.1,28.4,0.5
2021-09-25,5.0,29.4,0.491
2021-09-26,5.7,31.7,0.485
2021-09-27,3.2,31.7,0.484
2021-09-28,6.2,29.7,0.465
2021-09-29,0.7,30.9,0.479
2021-09-30,1.7,31.5,0.457
2021-10-01,0.2,32.0,0.433
2021-10-02,0.2,32.1,0.421
2021-10-03,2.2,31.9,0.424
2021-10-04,0.6,32.5,0.401
2021-10-05,1.6,32.8,0.371
2021-10-06,1.8,31.7,0.361
2021-10-07,2.0,32.0,0.362
2021-10-08,0.5,32.6,0.347
2021-10-09,0.0,33.3,0.328
2021-10-10,0.0,33.6,0.31
2021-10-11,0.0,33.2,0.295
2021-10-12,0.0,33.4,0.286
2021-10-13,0.0,34.7,0.29
2021-10-14,0.0,34.0,0.28
2021-10-15,0.7,33.4,0.276
2021-10-16,1.2,34.0,0.292
2021-10-17,12.5,30.7,0.438
2021-10-18,6.1,29.6,0.459
2021-10-19,0.1,32.3,0.421
2021-10-20,0.0,31.6,0.395
2021-10-21,0.0,32.7,0.371
2021-10-22,0.0,31.7,0.35
2021-10-23,0.0,31.3,0.333
2021-10-24,0.0,31.3,0.321
2021-10-25,0.0,31.0,0.313
2021-10-26,0.0,30.8,0.305
2021-10-27,0.0,30.7,0.295
2021-10-28,0.0,30.5,0.289
2021-10-29,0.0,30.3,0.283
2021-10-30,0.0,30.2,0.281
2021-10-31,0.0,29.9,0.275
2021-11-01,0.0,30.1,0.272
2021-11-02,0.0,30.4,0.276
2021-11-03,0.1,30.3,0.274
2021-11-04,0.1,30.3,0.269
2021-11-05,0.0,31.3,0.263
2021-11-06,0.0,30.1,0.261
2021-11-07,0.0,30.1,0.262
2021-11-08,0.0,30.6,0.264
2021-11-09,0.0,30.6,0.264
2021-11-10,0.0,30.3,0.272
2021-11-11,0.0,29.5,0.277
2021-11-12,1.8,30.6,0.28
2021-11-13,1.8,31.1,0.269
2021-11-14,1.0,30.2,0.265
2021-11-15,0.4,30.6,0.263
2021-11-16,0.0,31.6,0.259
2021-11-17,0.0,31.6,0.255
2021-11-18,0.0,31.9,0.251
2021-11-19,0.0,32.0,0.253
2021-11-20,0.0,30.4,0.253
2021-11-21,1.1,30.6,0.284
2021-11-22,1.4,29.7,0.365
2021-11-23,0.0,31.2,0.364
2021-11-24,0.0,30.9,0.344
2021-11-25,0.0,31.4,0.331
2021-11-26,0.0,30.2,0.319
2021-11-27,0.0,29.6,0.312
2021-11-28,0.0,28.5,0.307
2021-11-29,0.0,28.3,0.299
2021-11-30,0.0,27.8,0.292
2021-12-01,0.0,28.1,0.285
2021-12-02,0.0,28.1,0.277
2021-12-03,0.0,28.9,0.273
2021-12-04,0.0,29.0,0.273
2021-12-05,0.0,29.6,0.274
2021-12-06,0.0,30.0,0.273
2021-12-07,0.0,29.4,0.274
2021-12-08,0.0,29.4,0.275
2021-12-09,0.0,29.2,0.279
2021-12-10,0.0,28.3,0.278
2021-12-11,0.0,27.8,0.279
2021-12-12,0.0,26.8,0.28
2021-12-13,0.0,26.9,0.279
2021-12-14,0.0,26.5,0.28
2021-12-15,0.0,26.5,0.285
2021-12-16,0.0,26.4,0.284
2021-12-17,0.0,26.8,0.287
2021-12-18,0.0,25.7,0.291
2021-12-19,0.0,23.1,0.284
2021-12-20,0.0,23.2,0.281
2021-12-21,0.0,23.6,0.279
2021-12-22,0.0,24.6,0.277
2021-12-23,0.0,26.5,0.274
2021-12-24,0.0,27.6,0.273
2021-12-25,0.0,28.4,0.278
2021-12-26,0.0,27.4,0.277
2021-12-27,0.0,27.5,0.272
2021-12-28,15.8,26.9,0.32
2021-12-29,3.8,23.3,0.446
2021-12-30,0.0,23.5,0.436
2021-12-31,0.0,24.1,0.414
2022-01-01,0.0,24.6,0.399
2022-01-02,0.0,25.3,0.38
2022-01-03,0.0,25.3,0.362
2022-01-04,0.0,26.3,0.348
2022-01-05,0.0,26.2,0.34
2022-01-06,0.0,26.9,0.33
2022-01-07,0.0,27.8,0.324
2022-01-08,0.5,26.9,0.322
2022-01-09,6.1,22.5,0.385
2022-01-10,2.0,22.6,0.447
2022-01-11,1.1,22.9,0.432
2022-01-12,1.5,21.9,0.426
2022-01-13,0.0,23.9,0.411
2022-01-14,1.7,20.5,0.407
2022-01-15,0.1,23.5,0.407
2022-01-16,0.0,23.7,0.397
2022-01-17,0.0,24.0,0.382
2022-01-18,0.0,25.0,0.364
2022-01-19,0.0,24.0,0.343
2022-01-20,0.0,26.0,0.322
2022-01-21,0.0,27.6,0.306
2022-01-22,0.0,27.6,0.295
2022-01-23,0.5,26.3,0.291
2022-01-24,0.0,23.8,0.29
2022-01-25,0.0,22.4,0.291
2022-01-26,0.0,22.6,0.286
2022-01-27,0.0,23.0,0.28
2022-01-28,0.0,23.1,0.268
2022-01-29,0.0,25.0,0.257
2022-01-30,0.0,27.1,0.25
2022-01-31,0.0,29.1,0.244
2022-02-01,0.0,29.7,0.243
2022-02-02,0.0,29.4,0.243
2022-02-03,0.0,29.9,0.246
2022-02-04,0.0,25.7,0.255
2022-02-05,0.0,26.4,0.254
2022-02-06,0.0,28.0,0.25
2022-02-07,0.0,29.8,0.246
2022-02-08,0.0,30.0,0.247
2022-02-09,1.7,29.0,0.256
2022-02-10,0.0,28.5,0.264
2022-02-11,0.0,26.1,0.271
2022-02-12,0.0,27.7,0.267
2022-02-13,0.0,28.1,0.259
2022-02-14,0.0,29.1,0.258
2022-02-15,0.0,29.9,0.261
2022-02-16,0.0,29.6,0.267
2022-02-17,0.0,26.6,0.273
2022-02-18,0.0,28.5,0.269
2022-02-19,1.6,25.0,0.279
2022-02-20,0.1,31.3,0.281
2022-02-21,0.0,31.2,0.28
2022-02-22,0.0,32.0,0.274
2022-02-23,0.0,32.5,0.274
2022-02-24,0.0,33.1,0.269
2022-02-25,0.0,32.6,0.265
2022-02-26,0.0,32.0,0.263
2022-02-27,0.0,32.4,0.262
2022-02-28,0.0,32.2,0.263
2022-03-01,0.0,33.0,0.261
2022-03-02,0.0,33.4,0.266
2022-03-03,0.0,31.3,0.258
2022-03-04,0.0,33.6,0.252
2022-03-05,0.0,33.6,0.251
2022-03-06,0.0,33.8,0.253
2022-03-07,0.0,33.9,0.262
2022-03-08,0.0,35.0,0.267
2022-03-09,0.0,34.3,0.268
2022-03-10,0.0,34.2,0.267
2022-03-11,0.0,34.3,0.264
2022-03-12,0.0,34.4,0.261
2022-03-13,0.0,35.4,0.259
2022-03-14,0.0,36.6,0.257
2022-03-15,0.0,38.4,0.256
2022-03-16,0.0,39.6,0.255
2022-03-17,0.0,40.1,0.254
2022-03-18,0.0,37.7,0.253
2022-03-19,0.0,37.8,0.253
2022-03-20,0.0,36.2,0.253
2022-03-21,0.0,37.5,0.253
2022-03-22,0.0,39.0,0.252
2022-03-23,0.0,39.5,0.252
2022-03-24,0.0,38.5,0.252
2022-03-25,0.0,38.3,0.252
2022-03-26,0.0,40.6,0.252
2022-03-27,0.0,39.3,0.25
2022-03-28,0.0,41.0,0.251
2022-03-29,0.0,41.0,0.252
2022-03-30,0.0,41.0,0.252
2022-03-31,0.0,41.5,0.252
2022-04-01,0.0,41.1,0.252
2022-04-02,0.0,40.5,0.252
2022-04-03,0.0,40.3,0.251
2022-04-04,0.0,41.1,0.251
2022-04-05,0.0,41.2,0.252
2022-04-06,0.0,40.8,0.252
2022-04-07,0.0,40.0,0.252
2022-04-08,0.0,39.9,0.252
2022-04-09,0.0,40.5,0.252
2022-04-10,0.0,40.9,0.248
2022-04-11,0.0,41.6,0.249
2022-04-12,0.0,41.0,0.252
2022-04-13,0.0,41.3,0.252
2022-04-14,0.0,40.3,0.252
2022-04-15,0.0,41.6,0.252
2022-04-16,0.0,42.4,0.252
2022-04-17,0.0,42.0,0.252
2022-04-18,0.0,42.4,0.252
2022-04-19,0.0,43.2,0.252
2022-04-20,0.0,43.0,0.252
2022-04-21,0.0,42.4,0.252
2022-04-22,0.2,36.7,0.252
2022-04-23,0.0,40.1,0.252
2022-04-24,0.0,42.6,0.252
2022-04-25,0.0,43.5,0.256
2022-04-26,0.0,43.1,0.252
2022-04-27,0.0,43.7,0.252
2022-04-28,0.0,43.4,0.252
2022-04-29,0.0,44.3,0.252
2022-04-30,0.0,44.4,0.252
2022-05-01,0.0,42.9,0.252
2022-05-02,0.0,43.2,0.252
2022-05-03,0.0,42.1,0.252
2022-05-04,0.0,42.0,0.252
2022-05-05,0.0,42.3,0.252
2022-05-06,0.0,41.2,0.252
2022-05-07,0.0,39.6,0.252
2022-05-08,0.0,43.3,0.25
2022-05-09,0.0,42.6,0.25
2022-05-10,0.0,42.1,0.252
2022-05-11,0.0,41.0,0.255
2022-05-12,0.1,40.6,0.252
2022-05-13,0.0,42.0,0.252
2022-05-14,0.0,43.7,0.25
2022-05-15,0.0,42.7,0.252
2022-05-16,0.0,42.1,0.255
2022-05-17,0.0,42.4,0.263
2022-05-18,0.0,41.3,0.257
2022-05-19,0.0,39.5,0.258
2022-05-20,0.0,42.4,0.262
2022-05-21,0.0,43.3,0.261
2022-05-22,0.0,41.1,0.257
2022-05-23,0.0,40.4,0.259
2022-05-24,3.4,37.0,0.289
2022-05-25,0.0,39.6,0.27
2022-05-26,0.1,39.3,0.269
2022-05-27,0.0,40.0,0.269
2022-05-28,0.0,40.1,0.265
2022-05-29,0.0,40.6,0.264
2022-05-30,1.5,39.9,0.269
2022-05-31,0.0,41.1,0.271
2022-06-01,0.0,42.4,0.271
2022-06-02,0.0,41.8,0.269
2022-06-03,0.0,43.4,0.262
2022-06-04,0.0,42.4,0.256
2022-06-05,0.0,43.3,0.25
2022-06-06,0.0,43.9,0.259
2022-06-07,0.0,43.1,0.258
2022-06-08,0.0,42.5,0.259
2022-06-09,0.0,41.3,0.259
2022-06-10,0.1,40.2,0.257
2022-06-11,0.5,38.9,0.257
2022-06-12,1.1,37.7,0.259
2022-06-13,0.0,38.8,0.256
2022-06-14,2.9,40.1,0.254
2022-06-15,9.4,38.0,0.285
2022-06-16,6.9,33.3,0.345
2022-06-17,9.4,33.4,0.373
2022-06-18,3.6,34.0,0.391
2022-06-19,16.6,31.6,0.46
2022-06-20,18.5,30.9,0.486
2022-06-21,1.1,31.6,0.466
2022-06-22,10.0,33.9,0.449
2022-06-23,5.3,32.5,0.434
2022-06-24,8.3,34.4,0.41
2022-06-25,1.0,33.3,0.409
2022-06-26,18.8,32.1,0.475
2022-06-27,3.9,32.3,0.466
2022-06-28,1.2,33.6,0.44
2022-06-29,9.6,33.3,0.438
2022-06-30,29.5,30.3,0.501
2022-07-01,4.8,33.1,0.493
2022-07-02,24.5,28.9,0.503
2022-07-03,12.8,30.2,0.506
2022-07-04,32.0,27.5,0.511
2022-07-05,14.8,30.7,0.498
2022-07-06,27.3,29.6,0.51
2022-07-07,16.9,31.1,0.508
2022-07-08,14.1,32.4,0.501
2022-07-09,22.3,31.9,0.504
2022-07-10,27.3,30.2,0.505
2022-07-11,25.3,31.4,0.504
2022-07-12,40.8,30.7,0.507
2022-07-13,21.3,30.9,0.505
2022-07-14,44.9,28.8,0.508
2022-07-15,17.6,27.9,0.505
2022-07-16,13.7,30.6,0.502
2022-07-17,61.9,28.8,0.506
2022-07-18,19.1,30.4,0.507
2022-07-19,2.4,29.1,0.496
2022-07-20,8.3,30.8,0.491
2022-07-21,16.5,29.0,0.506
2022-07-22,16.5,30.5,0.504
2022-07-23,34.6,29.8,0.511
2022-07-24,21.1,29.2,0.504
2022-07-25,19.0,27.3,0.506
2022-07-26,10.3,30.6,0.506
2022-07-27,10.3,29.0,0.499
2022-07-28,11.0,31.6,0.502
2022-07-29,12.7,30.7,0.495
2022-07-30,3.4,32.0,0.483
2022-07-31,3.1,32.4,0.488
2022-08-01,0.6,33.0,0.473
2022-08-02,5.5,32.2,0.464
2022-08-03,3.3,31.9,0.47
2022-08-04,1.8,32.3,0.484
2022-08-05,3.0,32.1,0.486
2022-08-06,27.6,32.8,0.501
2022-08-07,19.3,30.6,0.503
2022-08-08,20.6,32.0,0.502
2022-08-09,41.9,30.9,0.508
2022-08-10,77.2,25.6,0.514
2022-08-11,22.9,27.3,0.506
2022-08-12,2.8,31.3,0.496
2022-08-13,14.5,28.1,0.503
2022-08-14,55.9,27.0,0.506
2022-08-15,46.0,25.0,0.509
2022-08-16,4.4,30.4,0.498
2022-08-17,0.7,31.5,0.482
2022-08-18,0.5,32.7,0.469
2022-08-19,10.8,31.1,0.48
2022-08-20,29.1,28.8,0.506
2022-08-21,34.4,28.6,0.506
2022-08-22,9.8,29.6,0.5
2022-08-23,1.5,31.2,0.48
2022-08-24,1.0,32.4,0.458
2022-08-25,2.8,30.1,0.462
2022-08-26,1.9,32.0,0.471
2022-08-27,6.0,31.0,0.47
2022-08-28,17.0,28.3,0.482
2022-08-29,8.5,29.7,0.475
2022-08-30,4.7,31.6,0.462
2022-08-31,1.9,30.6,0.447
2022-09-01,4.2,31.2,0.454
2022-09-02,1.3,32.3,0.439
2022-09-03,3.2,32.8,0.428
2022-09-04,9.0,27.7,0.478
2022-09-05,23.6,30.1,0.481
2022-09-06,0.7,32.0,0.464
2022-09-07,1.8,32.1,0.458
2022-09-08,1.8,32.1,0.456
2022-09-09,0.6,33.2,0.454
2022-09-10,14.5,32.6,0.458
2022-09-11,28.7,30.4,0.491
2022-09-12,13.6,28.9,0.509
2022-09-13,24.4,28.0,0.514
2022-09-14,17.4,28.7,0.505
2022-09-15,8.1,29.3,0.5
2022-09-16,15.7,29.9,0.493
2022-09-17,4.3,31.1,0.5
2022-09-18,0.3,31.9,0.483
2022-09-19,0.7,32.4,0.468
2022-09-20,16.7,30.1,0.483
2022-09-21,23.3,29.7,0.504
2022-09-22,7.6,29.9,0.501
2022-09-23,0.4,28.5,0.492
2022-09-24,1.4,30.3,0.481
2022-09-25,7.9,30.8,0.481
2022-09-26,1.0,31.8,0.464
2022-09-27,3.6,31.7,0.434
2022-09-28,5.2,31.8,0.414
2022-09-29,0.0,32.4,0.397
2022-09-30,0.0,32.1,0.386
2022-10-01,0.0,32.4,0.372
2022-10-02,0.0,32.5,0.362
2022-10-03,0.0,32.8,0.351
2022-10-04,2.0,30.8,0.367
2022-10-05,12.6,30.4,0.435
2022-10-06,17.5,29.8,0.495
2022-10-07,40.6,30.4,0.496
2022-10-08,1.7,30.9,0.491
2022-10-09,0.8,31.2,0.474
2022-10-10,13.5,30.1,0.487
2022-10-11,19.0,27.5,0.506
2022-10-12,20.5,28.4,0.502
2022-10-13,2.0,30.0,0.486
2022-10-14,0.3,29.7,0.459
2022-10-15,0.0,30.4,0.439
2022-10-16,1.4,29.5,0.442
2022-10-17,6.6,30.6,0.465
2022-10-18,13.3,29.5,0.478
2022-10-19,0.0,29.6,0.455
2022-10-20,0.0,30.2,0.433
2022-10-21,0.0,30.3,0.422
2022-10-22,0.0,30.0,0.41
2022-10-23,0.0,29.7,0.39
2022-10-24,0.0,29.1,0.372
2022-10-25,0.0,29.2,0.363
2022-10-26,0.0,29.7,0.36
2022-10-27,0.0,30.2,0.362
2022-10-28,0.0,30.2,0.359
2022-10-29,0.0,30.0,0.356
2022-10-30,0.0,28.7,0.352
2022-10-31,0.0,28.2,0.34
2022-11-01,0.0,28.8,0.333
2022-11-02,0.0,29.6,0.328
2022-11-03,0.0,30.9,0.326
2022-11-04,0.0,30.9,0.327
2022-11-05,0.0,31.7,0.326
2022-11-06,0.0,31.5,0.326
2022-11-07,0.0,30.5,0.321
2022-11-08,0.0,29.9,0.311
2022-11-09,0.0,29.5,0.307
2022-11-10,0.0,30.0,0.3
2022-11-11,0.0,30.1,0.289
2022-11-12,0.0,29.3,0.288
2022-11-13,0.0,28.5,0.283
2022-11-14,0.0,28.7,0.279
2022-11-15,0.0,29.0,0.272
2022-11-16,0.0,28.7,0.271
2022-11-17,0.0,28.7,0.27
2022-11-18,0.0,27.7,0.265
2022-11-19,0.0,26.4,0.265
2022-11-20,0.0,25.9,0.26
2022-11-21,0.0,27.6,0.255
2022-11-22,0.0,28.6,0.259
2022-11-23,0.0,28.5,0.259
2022-11-24,0.0,27.8,0.265
2022-11-25,0.0,27.8,0.264
2022-11-26,0.0,27.4,0.26
2022-11-27,0.0,27.7,0.26
2022-11-28,0.0,28.2,0.255
2022-11-29,0.0,28.1,0.251
2022-11-30,0.0,28.1,0.25
2022-12-01,0.0,28.0,0.25
2022-12-02,0.0,28.4,0.25
2022-12-03,0.0,28.6,0.249
2022-12-04,0.0,28.9,0.249
2022-12-05,0.0,28.9,0.247
2022-12-06,0.0,28.8,0.248
2022-12-07,0.0,27.2,0.245
2022-12-08,0.0,27.1,0.248
2022-12-09,0.0,27.3,0.25
2022-12-10,0.0,28.9,0.251
2022-12-11,0.0,29.2,0.251
2022-12-12,11.3,30.2,0.266
2022-12-13,0.0,29.5,0.273
2022-12-14,0.0,30.9,0.242
2022-12-15,0.0,30.6,0.245
2022-12-16,0.0,30.2,0.244
2022-12-17,0.0,29.1,0.243
2022-12-18,0.0,28.2,0.243
2022-12-19,0.0,28.4,0.244
2022-12-20,0.0,29.6,0.246
2022-12-21,0.0,29.6,0.246
2022-12-22,0.0,29.5,0.247
2022-12-23,0.0,29.8,0.251
2022-12-24,0.0,29.4,0.254
2022-12-25,0.0,28.6,0.256
2022-12-26,0.0,29.2,0.256
2022-12-27,0.0,29.1,0.261
2022-12-28,0.0,28.4,0.266
2022-12-29,0.0,28.0,0.265
2022-12-30,0.0,28.8,0.264
2022-12-31,0.0,28.6,0.267
2023-01-01,0.0,26.6,0.267
2023-01-02,0.0,26.7,0.265
2023-01-03,0.0,26.6,0.262
2023-01-04,0.0,24.9,0.263
2023-01-05,0.0,25.8,0.267
2023-01-06,0.0,25.9,0.27
2023-01-07,0.0,25.1,0.266
2023-01-08,0.0,26.1,0.265
2023-01-09,0.0,27.3,0.263
2023-01-10,0.0,28.4,0.262
2023-01-11,0.0,27.7,0.265
2023-01-12,0.0,28.0,0.264
2023-01-13,0.0,28.3,0.263
2023-01-14,0.0,27.8,0.266
2023-01-15,0.0,26.7,0.265
2023-01-16,0.0,27.1,0.264
2023-01-17,0.0,27.9,0.263
2023-01-18,0.0,27.8,0.264
2023-01-19,0.0,28.3,0.264
2023-01-20,0.0,29.4,0.263
2023-01-21,0.0,29.4,0.262
2023-01-22,0.0,29.9,0.261
2023-01-23,0.0,29.4,0.262
2023-01-24,0.0,29.5,0.261
2023-01-25,0.0,30.0,0.257
2023-01-26,0.0,29.7,0.256
2023-01-27,0.0,30.2,0.256
2023-01-28,0.0,30.5,0.255
2023-01-29,0.0,30.8,0.255
2023-01-30,0.0,31.1,0.254
2023-01-31,0.0,30.7,0.255
2023-02-01,0.0,28.9,0.25
2023-02-02,0.0,28.7,0.251
2023-02-03,0.0,29.7,0.253
2023-02-04,0.0,29.7,0.257
2023-02-05,0.0,30.2,0.257
2023-02-06,0.0,30.7,0.256
2023-02-07,0.0,31.6,0.255
2023-02-08,0.0,30.9,0.256
2023-02-09,0.0,31.2,0.257
2023-02-10,0.0,33.5,0.256
2023-02-11,0.0,34.6,0.255
2023-02-12,0.0,30.7,0.255
2023-02-13,0.0,29.3,0.254
2023-02-14,0.0,30.9,0.254
2023-02-15,0.0,33.2,0.253
2023-02-16,0.0,33.5,0.253
2023-02-17,0.0,32.0,0.252
2023-02-18,0.0,32.1,0.252
2023-02-19,0.0,33.4,0.252
2023-02-20,0.0,33.9,0.252
2023-02-21,0.0,35.7,0.252
2023-02-22,0.0,35.6,0.252
2023-02-23,0.0,34.4,0.252
2023-02-24,0.0,34.2,0.252
2023-02-25,0.0,33.8,0.252
2023-02-26,0.0,34.4,0.252
2023-02-27,0.0,34.0,0.252
2023-02-28,0.0,33.8,0.252
2023-03-01,0.0,33.5,0.252
2023-03-02,0.0,34.8,0.252
2023-03-03,0.0,35.9,0.252
2023-03-04,0.0,35.4,0.252
2023-03-05,0.0,33.8,0.252
2023-03-06,0.0,35.5,0.252
2023-03-07,0.3,30.6,0.253
2023-03-08,0.0,33.6,0.253
2023-03-09,0.0,33.1,0.254
2023-03-10,0.0,33.4,0.258
2023-03-11,0.0,34.5,0.256
2023-03-12,0.0,34.9,0.259
2023-03-13,0.0,35.4,0.256
2023-03-14,0.0,34.9,0.255
2023-03-15,0.0,34.6,0.253
2023-03-16,2.3,30.0,0.262
2023-03-17,0.9,33.0,0.258
2023-03-18,5.2,27.8,0.285
2023-03-19,3.5,29.9,0.282
2023-03-20,0.2,30.2,0.336
2023-03-21,0.5,30.2,0.323
2023-03-22,1.4,30.8,0.314
2023-03-23,0.0,32.5,0.313
2023-03-24,0.0,34.3,0.305
2023-03-25,0.0,35.1,0.3
2023-03-26,0.5,35.0,0.297
2023-03-27,0.0,36.2,0.286
2023-03-28,0.0,36.5,0.282
2023-03-29,0.0,35.9,0.277
2023-03-30,0.1,36.4,0.275
2023-03-31,0.1,34.1,0.277
2023-04-01,1.0,33.2,0.293
2023-04-02,0.0,32.8,0.29
2023-04-03,0.0,35.0,0.279
2023-04-04,0.0,36.5,0.277
2023-04-05,0.0,35.8,0.271
2023-04-06,0.0,35.9,0.271
2023-04-07,10.5,36.5,0.297
2023-04-08,0.1,29.0,0.315
2023-04-09,0.0,32.0,0.327
2023-04-10,0.1,35.8,0.313
2023-04-11,0.0,37.9,0.308
2023-04-12,0.0,38.5,0.302
2023-04-13,0.0,39.7,0.292
2023-04-14,0.0,39.5,0.284
2023-04-15,0.6,35.1,0.28
2023-04-16,0.0,38.7,0.279
2023-04-17,0.0,40.1,0.269
2023-04-18,0.0,40.5,0.26
2023-04-19,0.0,40.1,0.252
2023-04-20,0.0,38.1,0.246
2023-04-21,0.7,36.0,0.267
2023-04-22,2.8,34.1,0.289
2023-04-23,0.3,33.9,0.319
2023-04-24,14.2,33.4,0.381
2023-04-25,1.4,33.7,0.31
2023-04-26,0.1,33.5,0.299
2023-04-27,5.4,32.9,0.424
2023-04-28,0.9,33.2,0.419
2023-04-29,15.5,31.3,0.47
2023-04-30,28.0,28.8,0.497
2023-05-01,2.2,28.5,0.477
2023-05-02,11.0,30.4,0.464
2023-05-03,16.8,28.3,0.485
2023-05-04,0.5,31.5,0.458
2023-05-05,1.3,31.5,0.436
2023-05-06,0.0,34.9,0.405
2023-05-07,0.0,36.4,0.378
2023-05-08,0.0,37.0,0.358
2023-05-09,0.0,37.3,0.344
2023-05-10,0.0,39.2,0.337
2023-05-11,0.0,39.2,0.325
2023-05-12,0.0,39.4,0.313
2023-05-13,0.0,40.5,0.302
2023-05-14,0.0,40.1,0.296
2023-05-15,0.0,39.9,0.295
2023-05-16,0.1,37.5,0.296
2023-05-17,0.0,38.6,0.295
2023-05-18,0.0,40.0,0.292
2023-05-19,0.0,39.4,0.297
2023-05-20,0.0,39.9,0.293
2023-05-21,0.0,41.1,0.291
2023-05-22,0.0,37.8,0.288
2023-05-23,0.0,39.5,0.29
2023-05-24,0.0,39.8,0.289
2023-05-25,0.0,38.9,0.286
2023-05-26,0.0,37.6,0.283
2023-05-27,0.0,38.6,0.279
2023-05-28,0.6,38.2,0.278
2023-05-29,0.0,36.9,0.274
2023-05-30,0.0,38.4,0.275
2023-05-31,0.0,38.9,0.28
2023-06-01,0.0,39.7,0.274
2023-06-02,0.0,40.1,0.27
2023-06-03,2.5,39.4,0.272
2023-06-04,0.0,37.9,0.267
2023-06-05,0.0,39.9,0.262
2023-06-06,0.0,40.2,0.265
2023-06-07,0.0,40.0,0.26
2023-06-08,0.0,40.2,0.261
2023-06-09,0.0,40.0,0.267
2023-06-10,0.0,40.1,0.264
2023-06-11,0.3,40.2,0.264
2023-06-12,0.0,40.6,0.259
2023-06-13,0.7,39.0,0.287
2023-06-14,0.0,39.8,0.345
2023-06-15,0.0,39.0,0.323
2023-06-16,0.0,39.1,0.303
2023-06-17,0.0,39.5,0.289
2023-06-18,0.0,39.5,0.279
2023-06-19,0.0,38.9,0.276
2023-06-20,0.0,39.1,0.265
2023-06-21,9.3,37.7,0.281
2023-06-22,13.6,36.8,0.325
2023-06-23,11.8,28.2,0.419
2023-06-24,11.1,32.6,0.446
2023-06-25,17.2,31.8,0.432
2023-06-26,85.7,29.6,0.507
2023-06-27,61.1,30.2,0.508
2023-06-28,26.6,28.9,0.507
2023-06-29,6.9,31.7,0.499
2023-06-30,1.0,32.0,0.481
2023-07-01,1.2,33.4,0.468
2023-07-02,1.7,33.0,0.456
2023-07-03,0.7,34.2,0.449
2023-07-04,11.1,32.4,0.478
2023-07-05,7.3,33.3,0.467
2023-07-06,7.6,33.2,0.495
2023-07-07,22.3,29.8,0.508
2023-07-08,26.5,29.7,0.504
2023-07-09,14.1,28.9,0.503
2023-07-10,4.7,31.6,0.498
2023-07-11,6.3,29.3,0.497
2023-07-12,4.6,32.5,0.503
2023-07-13,4.0,31.1,0.496
2023-07-14,9.3,31.1,0.504
2023-07-15,42.1,29.1,0.507
2023-07-16,50.9,28.1,0.508
2023-07-17,22.7,31.5,0.502
2023-07-18,24.0,31.4,0.507
2023-07-19,22.5,30.4,0.503
2023-07-20,14.6,31.4,0.503
2023-07-21,25.6,31.5,0.507
2023-07-22,35.3,31.9,0.506
2023-07-23,7.4,30.9,0.504
2023-07-24,5.2,32.3,0.487
2023-07-25,6.2,33.2,0.482
2023-07-26,36.2,33.8,0.499
2023-07-27,24.0,31.6,0.497
2023-07-28,26.3,29.6,0.502
2023-07-29,20.7,32.0,0.488
2023-07-30,18.0,31.1,0.495
2023-07-31,14.4,31.0,0.498
2023-08-01,10.4,31.6,0.494
2023-08-02,10.2,29.0,0.509
2023-08-03,86.1,25.4,0.515
2023-08-04,17.5,31.2,0.504
2023-08-05,1.0,32.8,0.486
2023-08-06,16.0,32.4,0.481
2023-08-07,0.3,32.4,0.486
2023-08-08,0.7,32.2,0.468
2023-08-09,0.1,32.6,0.45
2023-08-10,0.5,32.9,0.439
2023-08-11,0.6,32.9,0.424
2023-08-12,0.0,33.1,0.396
2023-08-13,1.1,32.1,0.385
2023-08-14,3.5,32.6,0.39
2023-08-15,2.2,31.7,0.372
2023-08-16,2.3,33.1,0.361
2023-08-17,23.8,32.1,0.414
2023-08-18,41.4,31.2,0.51
2023-08-19,21.3,29.6,0.506
2023-08-20,8.6,30.6,0.503
2023-08-21,3.9,30.7,0.499
2023-08-22,0.7,32.4,0.486
2023-08-23,11.9,31.0,0.487
2023-08-24,4.2,31.7,0.5
2023-08-25,0.3,32.3,0.479
2023-08-26,0.5,32.7,0.467
2023-08-27,0.1,32.7,0.448
2023-08-28,0.0,32.3,0.432
2023-08-29,1.1,32.2,0.426
2023-08-30,1.7,31.3,0.426
2023-08-31,0.8,33.0,0.407
2023-09-01,0.8,34.4,0.39
2023-09-02,6.4,34.3,0.391
2023-09-03,1.4,33.5,0.368
2023-09-04,0.1,34.8,0.364
2023-09-05,9.0,31.9,0.379
2023-09-06,21.9,30.7,0.462
2023-09-07,11.6,29.6,0.484
2023-09-08,21.4,28.7,0.496
2023-09-09,13.8,30.2,0.497
2023-09-10,34.0,29.4,0.501
2023-09-11,8.1,32.0,0.495
2023-09-12,20.5,29.1,0.498
2023-09-13,25.7,31.8,0.5
2023-09-14,41.0,30.6,0.504
2023-09-15,69.1,25.9,0.505
2023-09-16,8.3,30.1,0.489
2023-09-17,1.2,31.4,0.474
2023-09-18,0.1,32.1,0.451
2023-09-19,9.5,33.6,0.443
2023-09-20,18.3,33.2,0.472
2023-09-21,16.7,31.0,0.503
2023-09-22,7.7,30.6,0.502
2023-09-23,26.2,28.3,0.508
2023-09-24,3.6,31.9,0.5
2023-09-25,0.1,32.6,0.484
2023-09-26,0.0,31.6,0.471
2023-09-27,5.5,30.4,0.47
2023-09-28,0.3,31.6,0.462
2023-09-29,6.7,31.3,0.475
2023-09-30,0.6,32.0,0.441
2023-10-01,0.1,33.0,0.423
2023-10-02,1.0,32.5,0.407
2023-10-03,0.3,33.3,0.383
2023-10-04,0.0,33.0,0.368
2023-10-05,0.0,33.1,0.357
2023-10-06,0.0,34.0,0.341
2023-10-07,0.0,34.2,0.327
2023-10-08,0.0,35.1,0.313
2023-10-09,0.0,35.6,0.301
2023-10-10,0.0,35.5,0.288
2023-10-11,0.0,34.8,0.283
2023-10-12,0.0,33.5,0.286
2023-10-13,0.0,34.8,0.281
2023-10-14,0.0,34.1,0.277
2023-10-15,0.0,32.5,0.279
2023-10-16,0.0,33.5,0.285
2023-10-17,0.4,32.7,0.285
2023-10-18,0.0,32.6,0.282
2023-10-19,0.0,31.6,0.271
2023-10-20,0.0,31.9,0.265
2023-10-21,0.0,33.0,0.261
2023-10-22,0.0,32.2,0.263
2023-10-23,0.0,31.1,0.258
2023-10-24,0.0,31.4,0.252
2023-10-25,0.0,31.7,0.253
2023-10-26,0.0,31.7,0.255
2023-10-27,0.0,31.6,0.259
2023-10-28,0.0,31.3,0.26
2023-10-29,0.0,31.5,0.255
2023-10-30,0.0,31.2,0.255
2023-10-31,0.0,31.9,0.254
2023-11-01,0.0,31.2,0.255
2023-11-02,1.0,29.9,0.264
2023-11-03,0.0,32.2,0.261
2023-11-04,0.0,32.4,0.265
2023-11-05,0.0,32.1,0.268
2023-11-06,0.0,32.2,0.288
2023-11-07,0.0,32.0,0.284
2023-11-08,0.0,32.1,0.275
2023-11-09,0.0,32.3,0.269
2023-11-10,0.0,32.2,0.272
2023-11-11,0.0,32.7,0.272
2023-11-12,0.0,32.0,0.274
2023-11-13,0.0,30.9,0.271
2023-11-14,0.0,30.0,0.276
2023-11-15,0.0,29.8,0.274
2023-11-16,0.0,29.5,0.273
2023-11-17,0.0,29.6,0.27
2023-11-18,0.0,30.3,0.262
2023-11-19,0.0,30.9,0.258
2023-11-20,0.0,30.7,0.252
2023-11-21,0.0,30.4,0.248
2023-11-22,0.0,30.4,0.248
2023-11-23,0.0,29.9,0.249
2023-11-24,0.0,30.3,0.249
2023-11-25,0.0,29.8,0.249
2023-11-26,0.0,29.9,0.248
2023-11-27,0.4,25.4,0.25
2023-11-28,11.4,23.9,0.294
2023-11-29,13.5,26.5,0.402
2023-11-30,3.4,28.5,0.415
2023-12-01,0.6,29.5,0.386
2023-12-02,0.0,30.2,0.371
2023-12-03,0.0,30.3,0.353
2023-12-04,0.0,30.0,0.339
2023-12-05,0.5,28.0,0.356
2023-12-06,17.7,24.9,0.453
2023-12-07,1.7,23.6,0.457
2023-12-08,0.2,25.7,0.424
2023-12-09,0.0,26.8,0.403
2023-12-10,0.0,25.7,0.384
2023-12-11,0.0,25.4,0.367
2023-12-12,0.0,26.1,0.354
2023-12-13,0.0,26.8,0.338
2023-12-14,0.0,26.1,0.324
2023-12-15,0.0,26.1,0.312
2023-12-16,0.0,26.5,0.3
2023-12-17,0.0,26.3,0.293
2023-12-18,0.0,24.9,0.285
2023-12-19,0.0,24.5,0.276
2023-12-20,0.0,25.5,0.267
2023-12-21,0.0,26.8,0.262
2023-12-22,0.0,28.1,0.259
2023-12-23,0.0,28.4,0.254
2023-12-24,0.0,29.0,0.255
2023-12-25,0.0,29.2,0.26
2023-12-26,0.0,29.3,0.26
2023-12-27,0.0,28.5,0.261
2023-12-28,0.0,28.3,0.259
2023-12-29,0.0,28.3,0.259
2023-12-30,0.0,27.9,0.264
2023-12-31,0.0,28.4,0.267
2024-01-01,0.0,28.3,0.27
2024-01-02,0.0,28.6,0.271
2024-01-03,0.0,28.3,0.273
2024-01-04,0.0,27.7,0.275
2024-01-05,0.0,28.3,0.272
2024-01-06,4.4,23.2,0.286
2024-01-07,0.0,28.1,0.282
2024-01-08,0.0,28.2,0.282
2024-01-09,0.0,29.6,0.28
2024-01-10,2.8,29.0,0.285
2024-01-11,0.4,28.9,0.283
2024-01-12,0.0,29.1,0.272
2024-01-13,0.0,30.9,0.266
2024-01-14,0.0,30.5,0.261
2024-01-15,0.0,28.2,0.258
2024-01-16,0.0,28.4,0.251
2024-01-17,0.1,27.5,0.252
2024-01-18,3.9,26.5,0.283
2024-01-19,0.0,26.3,0.318
2024-01-20,3.3,26.9,0.336
2024-01-21,1.7,26.7,0.391
2024-01-22,0.0,26.7,0.374
2024-01-23,1.2,26.2,0.363
2024-01-24,0.0,25.9,0.347
2024-01-25,0.0,24.7,0.334
2024-01-26,0.0,25.8,0.322
2024-01-27,0.0,26.8,0.312
2024-01-28,0.0,28.2,0.308
2024-01-29,0.0,29.1,0.304
2024-01-30,0.0,29.6,0.296
2024-01-31,0.0,28.6,0.289
2024-02-01,0.0,29.9,0.283
2024-02-02,0.0,29.6,0.279
2024-02-03,0.0,28.9,0.277
2024-02-04,0.0,30.9,0.273
2024-02-05,0.0,32.6,0.273
2024-02-06,0.0,33.1,0.266
2024-02-07,0.0,30.6,0.263
2024-02-08,0.0,27.9,0.258
2024-02-09,0.0,28.1,0.258
2024-02-10,0.6,28.9,0.259
2024-02-11,1.0,28.4,0.297
2024-02-12,1.6,29.6,0.359
2024-02-13,0.0,30.1,0.392
2024-02-14,0.0,31.5,0.369
2024-02-15,2.6,28.8,0.361
2024-02-16,0.0,31.0,0.335
2024-02-17,0.0,33.1,0.319
2024-02-18,0.0,32.9,0.309
2024-02-19,0.0,33.2,0.302
2024-02-20,0.0,33.9,0.295
2024-02-21,0.0,33.2,0.291
2024-02-22,0.0,30.8,0.285
2024-02-23,0.0,30.0,0.276
2024-02-24,0.0,31.0,0.271
2024-02-25,0.0,31.1,0.266
2024-02-26,11.8,29.1,0.297
2024-02-27,14.2,29.9,0.382
2024-02-28,0.0,30.6,0.392
2024-02-29,0.0,32.4,0.375
2024-03-01,0.0,34.5,0.347
2024-03-02,0.6,30.2,0.334
2024-03-03,0.0,32.7,0.326
2024-03-04,0.0,32.0,0.309
2024-03-05,0.0,33.6,0.293
2024-03-06,0.0,34.3,0.281
2024-03-07,0.0,34.0,0.272
2024-03-08,0.0,33.6,0.268
2024-03-09,0.0,34.4,0.263
2024-03-10,0.0,35.7,0.26
2024-03-11,0.0,37.1,0.26
2024-03-12,0.0,36.9,0.261
2024-03-13,0.0,37.4,0.259
2024-03-14,0.0,36.6,0.256
2024-03-15,0.0,36.5,0.25
2024-03-16,0.0,35.2,0.247
2024-03-17,0.8,34.4,0.254
2024-03-18,11.9,32.3,0.317
2024-03-19,15.3,29.2,0.387
2024-03-20,0.8,29.8,0.339
2024-03-21,0.0,33.1,0.322
2024-03-22,0.0,35.2,0.305
2024-03-23,0.0,37.1,0.292
2024-03-24,0.0,38.8,0.285
2024-03-25,0.0,38.6,0.283
2024-03-26,0.0,37.3,0.281
2024-03-27,0.0,38.1,0.276
2024-03-28,0.0,40.0,0.271
2024-03-29,0.0,40.3,0.267
2024-03-30,4.4,38.9,0.273
2024-03-31,0.1,38.1,0.257
2024-04-01,0.0,39.9,0.26
2024-04-02,0.0,39.8,0.262
2024-04-03,0.0,39.8,0.259
2024-04-04,0.0,41.3,0.257
2024-04-05,0.0,41.1,0.255
2024-04-06,0.0,39.7,0.258
2024-04-07,0.4,35.4,0.267
2024-04-08,10.2,33.1,0.317
2024-04-09,16.2,34.7,0.355
2024-04-10,23.1,35.2,0.407
2024-04-11,2.0,31.9,0.453
2024-04-12,0.7,32.7,0.42
2024-04-13,0.0,31.5,0.403
2024-04-14,0.0,35.1,0.393
2024-04-15,0.1,37.1,0.372
2024-04-16,0.0,37.8,0.357
2024-04-17,0.0,38.5,0.336
2024-04-18,0.0,39.1,0.308
2024-04-19,0.0,40.3,0.294
2024-04-20,0.0,39.9,0.284
2024-04-21,0.0,39.9,0.28
2024-04-22,0.1,36.4,0.284
2024-04-23,1.6,35.6,0.301
2024-04-24,0.0,38.0,0.302
2024-04-25,0.0,38.6,0.293
2024-04-26,0.1,39.5,0.286
2024-04-27,0.0,38.6,0.279
2024-04-28,0.8,37.9,0.281
2024-04-29,0.9,38.1,0.279
2024-04-30,0.0,40.6,0.268
2024-05-01,0.0,40.2,0.266
2024-05-02,0.0,38.3,0.259
2024-05-03,0.0,38.5,0.249
2024-05-04,0.0,39.5,0.243
2024-05-05,0.0,40.4,0.25
2024-05-06,0.0,39.5,0.246
2024-05-07,0.0,37.8,0.239
2024-05-08,0.0,37.4,0.229
2024-05-09,0.3,37.4,0.238
2024-05-10,0.4,39.2,0.248
2024-05-11,0.5,38.1,0.248
2024-05-12,0.0,38.6,0.245
2024-05-13,0.0,37.1,0.252
2024-05-14,0.0,38.2,0.253
2024-05-15,0.0,38.1,0.255
2024-05-16,0.5,35.2,0.263
2024-05-17,0.5,32.3,0.265
2024-05-18,0.0,37.6,0.26
2024-05-19,11.0,36.9,0.28
2024-05-20,8.2,38.8,0.267
2024-05-21,0.0,40.5,0.245
2024-05-22,0.0,40.7,0.25
2024-05-23,0.2,40.0,0.259
2024-05-24,0.0,41.4,0.252
2024-05-25,0.2,39.8,0.248
2024-05-26,0.0,43.3,0.247
2024-05-27,0.0,43.9,0.252
2024-05-28,0.0,45.2,0.252
2024-05-29,0.0,43.3,0.254
2024-05-30,0.0,44.1,0.25
2024-05-31,0.0,44.0,0.248
2024-06-01,0.0,43.4,0.247
2024-06-02,0.7,41.7,0.24
2024-06-03,3.6,37.3,0.251
2024-06-04,0.0,39.2,0.237
2024-06-05,0.0,40.0,0.244
2024-06-06,0.0,39.6,0.242
2024-06-07,0.0,38.4,0.244
2024-06-08,7.9,38.4,0.261
2024-06-09,0.0,37.0,0.273
2024-06-10,16.2,38.0,0.328
2024-06-11,0.0,39.5,0.295
2024-06-12,0.6,39.5,0.322
2024-06-13,2.2,38.2,0.404
2024-06-14,0.8,38.7,0.37
2024-06-15,1.2,38.9,0.356
2024-06-16,7.2,36.5,0.437
2024-06-17,0.1,37.3,0.402
2024-06-18,6.4,37.7,0.404
2024-06-19,19.6,34.2,0.438
2024-06-20,18.6,35.3,0.468
2024-06-21,28.7,31.9,0.482
2024-06-22,23.3,31.6,0.5
2024-06-23,11.5,31.7,0.496
2024-06-24,19.0,31.8,0.498
2024-06-25,1.3,34.8,0.464
2024-06-26,4.9,34.4,0.427
2024-06-27,24.6,33.1,0.478
2024-06-28,19.5,32.1,0.485
2024-06-29,4.0,32.2,0.482
2024-06-30,7.1,30.1,0.495
2024-07-01,14.6,29.6,0.496
2024-07-02,9.3,28.3,0.502
2024-07-03,1.2,31.3,0.484
2024-07-04,5.6,30.5,0.491
2024-07-05,7.0,31.4,0.496
2024-07-06,2.1,32.3,0.479
2024-07-07,2.2,30.4,0.484
2024-07-08,9.9,31.7,0.494
2024-07-09,8.6,31.5,0.498
2024-07-10,8.2,31.0,0.493
2024-07-11,10.1,30.9,0.498
2024-07-12,9.4,32.4,0.499
2024-07-13,20.2,31.1,0.507
2024-07-14,34.8,30.5,0.508
2024-07-15,14.7,32.8,0.504
2024-07-16,27.6,31.5,0.505
2024-07-17,10.4,31.8,0.501
2024-07-18,7.0,32.2,0.499
2024-07-19,29.6,32.8,0.496
2024-07-20,46.9,31.7,0.505
2024-07-21,29.6,32.3,0.505
2024-07-22,69.6,30.2,0.508
2024-07-23,66.3,30.2,0.506
2024-07-24,23.9,27.4,0.508
2024-07-25,37.2,30.3,0.504
2024-07-26,30.9,30.5,0.501
2024-07-27,43.5,30.7,0.507
2024-07-28,41.6,29.5,0.505
2024-07-29,4.8,29.7,0.503
2024-07-30,17.3,31.7,0.495
2024-07-31,33.1,30.5,0.508
2024-08-01,25.1,28.4,0.511
2024-08-02,14.4,26.1,0.506
2024-08-03,18.5,27.0,0.504
2024-08-04,10.3,27.1,0.51
2024-08-05,4.9,31.0,0.492
2024-08-06,7.8,31.5,0.495
2024-08-07,25.7,27.1,0.506
2024-08-08,13.3,28.6,0.507
2024-08-09,0.4,31.0,0.49
2024-08-10,2.9,30.7,0.482
2024-08-11,6.0,30.1,0.49
2024-08-12,2.4,31.4,0.484
2024-08-13,0.7,32.5,0.471
2024-08-14,13.0,29.7,0.496
2024-08-15,20.2,29.5,0.506
2024-08-16,10.3,30.0,0.505
2024-08-17,9.9,30.6,0.491
2024-08-18,6.1,31.6,0.49
2024-08-19,13.1,29.9,0.499
2024-08-20,3.3,30.4,0.494
2024-08-21,5.4,30.1,0.487
2024-08-22,34.2,30.4,0.511
2024-08-23,22.5,31.0,0.505
2024-08-24,25.8,27.4,0.506
2024-08-25,23.3,25.4,0.51
2024-08-26,1.9,29.9,0.493
2024-08-27,1.1,31.3,0.473
2024-08-28,2.8,31.4,0.456
2024-08-29,12.2,30.0,0.466
2024-08-30,7.6,30.2,0.492
2024-08-31,34.2,32.1,0.489
2024-09-01,9.7,32.6,0.494
2024-09-02,9.6,31.1,0.497
2024-09-03,2.0,31.8,0.488
2024-09-04,14.2,31.4,0.483
2024-09-05,30.6,29.9,0.499
2024-09-06,13.8,31.7,0.499
2024-09-07,2.3,32.2,0.495
2024-09-08,4.6,31.7,0.495
2024-09-09,22.9,32.5,0.5
2024-09-10,125.7,26.1,0.514
2024-09-11,5.5,30.2,0.5
2024-09-12,1.7,31.7,0.484
2024-09-13,12.3,31.1,0.484
2024-09-14,2.2,31.0,0.489
2024-09-15,0.0,30.7,0.47
2024-09-16,2.4,28.7,0.457
2024-09-17,4.3,30.5,0.46
2024-09-18,0.3,31.0,0.45
2024-09-19,0.4,32.5,0.434
2024-09-20,4.8,32.5,0.441
2024-09-21,2.1,32.6,0.45
2024-09-22,7.1,32.6,0.426
2024-09-23,10.2,31.0,0.452
2024-09-24,10.3,28.9,0.465
2024-09-25,18.9,28.7,0.495
2024-09-26,18.9,29.2,0.505
2024-09-27,27.7,28.4,0.505
2024-09-28,0.2,30.7,0.477
2024-09-29,1.3,31.6,0.461
2024-09-30,1.1,31.9,0.449
2024-10-01,0.3,32.4,0.448
2024-10-02,0.0,34.2,0.429
2024-10-03,0.0,34.1,0.409
2024-10-04,0.0,34.1,0.393
2024-10-05,0.0,33.8,0.374
2024-10-06,0.0,33.3,0.359
2024-10-07,0.0,32.3,0.345
2024-10-08,0.3,31.8,0.335
2024-10-09,9.8,30.8,0.358
2024-10-10,0.6,31.9,0.336
2024-10-11,1.4,31.8,0.326
2024-10-12,2.0,28.8,0.338
2024-10-13,3.3,32.0,0.384
2024-10-14,0.1,32.1,0.369
2024-10-15,0.0,32.5,0.351
2024-10-16,0.2,32.1,0.337
2024-10-17,2.0,32.4,0.333
2024-10-18,0.1,32.7,0.321
2024-10-19,10.5,31.5,0.342
2024-10-20,0.5,31.3,0.303
2024-10-21,0.1,31.6,0.298
2024-10-22,0.0,32.7,0.29
2024-10-23,0.0,33.0,0.288
2024-10-24,0.0,31.8,0.286
2024-10-25,0.0,32.3,0.283
2024-10-26,0.0,33.1,0.278
2024-10-27,0.0,32.1,0.272
2024-10-28,0.9,31.2,0.266
2024-10-29,0.0,32.3,0.259
2024-10-30,0.0,33.4,0.256
2024-10-31,0.0,33.7,0.254
2024-11-01,0.0,33.6,0.254
2024-11-02,0.0,33.1,0.258
2024-11-03,0.0,32.6,0.261
2024-11-04,0.0,31.8,0.264
2024-11-05,0.0,31.4,0.268
2024-11-06,0.0,30.9,0.271
2024-11-07,0.0,30.0,0.27
2024-11-08,0.0,30.2,0.268
2024-11-09,0.0,30.4,0.267
2024-11-10,0.0,30.4,0.267
2024-11-11,0.0,30.0,0.266
2024-11-12,0.0,29.9,0.276
2024-11-13,0.0,29.7,0.313
2024-11-14,0.0,29.5,0.313
2024-11-15,0.0,29.0,0.3
2024-11-16,0.0,28.9,0.289
2024-11-17,0.0,28.9,0.283
2024-11-18,0.0,28.9,0.278
2024-11-19,0.0,28.4,0.27
2024-11-20,0.0,27.3,0.27
2024-11-21,0.0,27.6,0.267
2024-11-22,0.0,27.6,0.264
2024-11-23,0.0,28.0,0.26
2024-11-24,0.0,28.0,0.258
2024-11-25,0.0,28.1,0.256
2024-11-26,0.0,28.4,0.255
2024-11-27,0.0,27.8,0.254
2024-11-28,0.0,27.0,0.253
2024-11-29,0.0,27.6,0.252
2024-11-30,0.0,28.3,0.251
2024-12-01,0.0,28.7,0.251
2024-12-02,0.1,29.1,0.251
2024-12-03,1.0,29.2,0.253
2024-12-04,0.3,30.1,0.253
2024-12-05,0.0,30.8,0.252
2024-12-06,0.0,30.9,0.242
2024-12-07,0.0,29.6,0.241
2024-12-08,0.2,29.9,0.242
2024-12-09,0.2,29.3,0.249
2024-12-10,0.0,25.6,0.257
2024-12-11,0.0,25.1,0.258
2024-12-12,0.0,26.0,0.26
2024-12-13,0.0,25.7,0.259
2024-12-14,0.0,25.5,0.259
2024-12-15,0.0,26.1,0.255
2024-12-16,0.0,26.8,0.246
2024-12-17,0.0,26.9,0.246
2024-12-18,0.0,27.1,0.248
2024-12-19,0.0,27.5,0.242
2024-12-20,0.2,29.0,0.242
2024-12-21,0.3,28.9,0.244
2024-12-22,0.0,26.9,0.248
2024-12-23,0.0,28.3,0.26
2024-12-24,0.0,28.0,0.27
2024-12-25,0.0,27.7,0.28
2024-12-26,0.0,28.0,0.285
2024-12-27,0.3,28.7,0.297
2024-12-28,0.5,28.7,0.324
2024-12-29,0.1,27.1,0.356
2024-12-30,0.0,28.6,0.348
2024-12-31,0.0,28.7,0.341
2025-01-01,0.0,25.7,0.336
2025-01-02,0.0,27.4,0.329
2025-01-03,0.0,27.8,0.315
2025-01-04,0.0,28.3,0.297
2025-01-05,0.0,26.8,0.282
2025-01-06,0.0,26.8,0.275
2025-01-07,0.0,27.0,0.279
2025-01-08,0.0,24.2,0.273
2025-01-09,0.0,26.2,0.263
2025-01-10,0.0,26.5,0.271
2025-01-11,0.0,27.4,0.264
2025-01-12,0.0,27.4,0.279
2025-01-13,0.1,26.4,0.283
2025-01-14,0.0,26.5,0.301
2025-01-15,0.0,27.4,0.316
2025-01-16,0.0,25.0,0.33
2025-01-17,0.0,26.0,0.334
2025-01-18,0.0,27.3,0.322
2025-01-19,0.0,27.8,0.303
2025-01-20,0.0,28.6,0.294
2025-01-21,0.0,29.3,0.282
2025-01-22,0.0,29.3,0.284
2025-01-23,0.0,29.7,0.276
2025-01-24,0.0,29.7,0.274
2025-01-25,0.0,29.5,0.267
2025-01-26,0.0,29.6,0.267
2025-01-27,0.0,29.7,0.263
2025-01-28,0.0,29.9,0.26
2025-01-29,0.0,30.8,0.258
2025-01-30,0.0,32.3,0.256
2025-01-31,0.0,32.1,0.255
2025-02-01,0.0,32.5,0.254
2025-02-02,0.0,32.8,0.253
2025-02-03,0.0,33.7,0.252
2025-02-04,0.0,34.0,0.251
2025-02-05,0.0,33.9,0.251
2025-02-06,0.0,30.4,0.251
2025-02-07,0.0,30.1,0.251
2025-02-08,0.0,31.9,0.251
2025-02-09,0.0,32.2,0.25
2025-02-10,0.0,33.8,0.25
2025-02-11,0.0,34.6,0.25
2025-02-12,0.0,34.1,0.25
2025-02-13,0.0,30.7,0.251
2025-02-14,0.0,31.4,0.251
2025-02-15,0.0,33.3,0.25
2025-02-16,0.0,34.6,0.25
2025-02-17,0.0,34.0,0.25
2025-02-18,0.0,34.5,0.25
2025-02-19,0.0,33.2,0.25
2025-02-20,0.0,34.6,0.25
2025-02-21,0.0,34.4,0.25
2025-02-22,0.0,33.1,0.253
2025-02-23,0.0,32.6,0.242
2025-02-24,0.0,32.4,0.25
2025-02-25,0.0,32.3,0.25
2025-02-26,0.0,33.8,0.25
2025-02-27,0.0,34.2,0.25
2025-02-28,0.0,35.4,0.245
2025-03-01,0.0,35.6,0.245
2025-03-02,0.0,37.0,0.25
2025-03-03,0.0,35.3,0.25
2025-03-04,0.0,37.0,0.25
2025-03-05,0.0,31.8,0.25
2025-03-06,0.0,33.2,0.25
2025-03-07,0.0,34.7,0.25
2025-03-08,0.0,36.2,0.252
2025-03-09,0.0,35.4,0.252
2025-03-10,0.0,35.7,0.25
2025-03-11,0.0,36.6,0.25
2025-03-12,0.0,39.1,0.249
2025-03-13,0.0,40.4,0.249
2025-03-14,0.0,39.8,0.249
2025-03-15,0.0,39.4,0.249
2025-03-16,0.0,38.9,0.249
2025-03-17,0.0,38.6,0.264
2025-03-18,0.0,37.6,0.245
2025-03-19,0.0,38.1,0.249
2025-03-20,0.0,38.0,0.249
2025-03-21,0.0,37.4,0.249
2025-03-22,0.0,36.2,0.248
2025-03-23,0.0,36.5,0.259
2025-03-24,0.0,36.9,0.267
2025-03-25,0.0,37.5,0.295
2025-03-26,0.0,38.1,0.297
2025-03-27,0.0,39.4,0.312
2025-03-28,0.0,39.8,0.303
2025-03-29,0.0,38.4,0.288
2025-03-30,0.0,39.0,0.275
2025-03-31,0.0,38.6,0.265
2025-04-01,0.0,37.4,0.28
2025-04-02,0.2,35.4,0.276
2025-04-03,5.3,31.0,0.298
2025-04-04,0.0,36.5,0.292
2025-04-05,0.0,38.5,0.3
2025-04-06,0.0,40.3,0.309
2025-04-07,0.0,39.4,0.308
2025-04-08,0.0,39.3,0.291
2025-04-09,0.0,39.1,0.266
2025-04-10,0.2,39.9,0.272
2025-04-11,0.0,40.3,0.266
2025-04-12,0.0,39.7,0.257
2025-04-13,0.0,40.2,0.254
2025-04-14,0.0,37.8,0.27
2025-04-15,0.0,38.8,0.269
2025-04-16,0.0,38.3,0.281
2025-04-17,0.0,39.9,0.28
2025-04-18,0.0,40.9,0.275
2025-04-19,0.0,41.9,0.272
2025-04-20,0.0,41.4,0.267
2025-04-21,0.0,42.1,0.262
2025-04-22,0.0,42.8,0.257
2025-04-23,0.0,42.4,0.253
2025-04-24,0.0,42.9,0.251
2025-04-25,0.0,42.5,0.251
2025-04-26,0.0,41.5,0.251
2025-04-27,0.0,37.9,0.251
2025-04-28,0.0,40.2,0.25
2025-04-29,0.0,40.1,0.266
2025-04-30,0.0,39.7,0.301
2025-05-01,0.0,39.0,0.32
2025-05-02,1.6,38.0,0.294
2025-05-03,4.5,37.9,0.303
2025-05-04,0.3,37.5,0.319
2025-05-05,0.4,37.7,0.317
2025-05-06,0.0,37.3,0.328
2025-05-07,0.0,36.8,0.331
2025-05-08,0.0,37.8,0.313
2025-05-09,0.0,37.9,0.307
2025-05-10,0.1,39.6,0.304
2025-05-11,0.6,40.3,0.305
2025-05-12,0.0,39.0,0.307
2025-05-13,3.7,39.4,0.316
2025-05-14,0.0,39.6,0.303
2025-05-15,0.4,39.5,0.296
2025-05-16,1.5,40.9,0.302
2025-05-17,0.0,40.0,0.3
2025-05-18,0.0,39.4,0.3
2025-05-19,0.2,40.0,0.291
2025-05-20,0.0,40.3,0.292
2025-05-21,0.4,40.1,0.299
2025-05-22,0.0,31.6,0.303
2025-05-23,0.0,35.8,0.301
2025-05-24,8.0,32.5,0.314
2025-05-25,29.1,33.9,0.483
2025-05-26,0.2,35.8,0.439
2025-05-27,2.5,36.3,0.4
2025-05-28,0.2,37.0,0.383
2025-05-29,0.0,37.2,0.399
2025-05-30,2.5,38.1,0.423
2025-05-31,0.1,37.7,0.445
2025-06-01,0.0,37.2,0.433
2025-06-02,0.8,36.0,0.413
2025-06-03,0.1,35.5,0.402
2025-06-04,0.5,34.1,0.376
2025-06-05,0.0,36.1,0.354
2025-06-06,0.0,38.6,0.336
2025-06-07,0.0,37.5,0.324
2025-06-08,0.0,40.9,0.314
2025-06-09,0.0,41.3,0.319
2025-06-10,0.3,41.5,0.327
2025-06-11,0.0,37.0,0.346
2025-06-12,0.0,37.4,0.337
2025-06-13,0.3,36.6,0.321
2025-06-14,0.2,37.3,0.302
2025-06-15,3.8,36.5,0.315
2025-06-16,3.5,35.1,0.42
2025-06-17,8.1,32.3,0.47
2025-06-18,0.0,35.2,0.439
2025-06-19,7.2,31.7,0.429
2025-06-20,4.3,30.2,0.467
2025-06-21,0.2,33.3,0.47
2025-06-22,11.8,30.8,0.477
2025-06-23,12.4,33.8,0.476
2025-06-24,36.0,31.6,0.502
2025-06-25,15.6,32.2,0.498
2025-06-26,7.2,29.8,0.507
2025-06-27,12.0,31.0,0.503
2025-06-28,5.0,32.0,0.498
2025-06-29,26.8,30.0,0.502
2025-06-30,37.2,30.0,0.509
2025-07-01,42.2,28.7,0.509
2025-07-02,19.1,29.9,0.504
2025-07-03,13.2,30.7,0.498
2025-07-04,21.9,27.3,0.509
2025-07-05,3.7,28.1,0.495
2025-07-06,39.5,26.9,0.505
2025-07-07,256.1,27.7,0.514
2025-07-08,73.5,28.0,0.509
2025-07-09,23.6,27.6,0.508
2025-07-10,13.9,32.6,0.502
2025-07-11,15.1,31.1,0.497
2025-07-12,10.8,31.8,0.484
2025-07-13,6.4,31.5,0.48
2025-07-14,3.1,32.2,0.476
2025-07-15,3.7,33.1,0.482
2025-07-16,12.8,28.0,0.503
2025-07-17,14.0,29.5,0.497
2025-07-18,2.9,31.3,0.493
2025-07-19,0.0,33.3,0.473
2025-07-20,9.8,31.8,0.472
2025-07-21,16.3,32.9,0.495
2025-07-22,9.7,31.0,0.498
2025-07-23,44.4,31.6,0.505
2025-07-24,29.7,28.4,0.508
2025-07-25,48.9,27.2,0.512
2025-07-26,54.8,27.2,0.51
2025-07-27,1.1,30.7,0.492
2025-07-28,5.7,29.2,0.485
2025-07-29,23.1,26.9,0.507
2025-07-30,1.1,30.8,0.489
2025-07-31,0.7,31.3,0.475
2025-08-01,0.1,32.3,0.465
2025-08-02,0.2,32.3,0.446
2025-08-03,0.2,32.1,0.433
2025-08-04,0.3,33.1,0.418
2025-08-05,0.6,32.5,0.405
2025-08-06,0.8,32.7,0.378
2025-08-07,14.9,32.8,0.414
2025-08-08,3.6,29.8,0.459
2025-08-09,5.7,30.3,0.479
2025-08-10,2.3,31.6,0.445
2025-08-11,5.0,31.5,0.431
2025-08-12,12.5,30.7,0.462
2025-08-13,40.7,29.7,0.501
2025-08-14,11.4,31.8,0.492
2025-08-15,10.5,29.7,0.494
2025-08-16,38.2,29.9,0.501
2025-08-17,5.5,31.3,0.487
2025-08-18,19.7,30.8,0.49
2025-08-19,52.9,29.9,0.505
2025-08-20,13.9,27.8,0.503
2025-08-21,21.7,30.2,0.497
2025-08-22,12.7,26.7,0.497
2025-08-23,8.4,27.2,0.5
2025-08-24,8.8,28.9,0.499
2025-08-25,18.1,29.8,0.502
2025-08-26,8.1,30.0,0.49
2025-08-27,10.9,30.7,0.503
2025-08-28,18.6,29.6,0.497
2025-08-29,4.7,30.9,0.489
2025-08-30,2.5,30.3,0.466
2025-08-31,18.4,30.2,0.489
2025-09-01,42.7,29.5,0.497
2025-09-02,45.3,29.3,0.504
2025-09-03,33.2,28.5,0.501
2025-09-04,8.4,28.8,0.489
2025-09-05,0.4,30.4,0.487
2025-09-06,1.1,29.5,0.473
2025-09-07,7.0,29.1,0.461
2025-09-08,2.2,30.0,0.433
2025-09-09,21.9,31.3,0.46
2025-09-10,5.5,31.7,0.425
2025-09-11,6.2,29.9,0.443
2025-09-12,10.4,30.5,0.467
2025-09-13,20.2,30.2,0.495
2025-09-14,8.1,30.6,0.488
2025-09-15,22.0,28.4,0.495
2025-09-16,6.7,30.1,0.495
2025-09-17,4.3,29.8,0.493
2025-09-18,6.1,29.8,0.488
2025-09-19,0.7,31.1,0.454
2025-09-20,8.3,31.4,0.465
2025-09-21,0.1,31.8,0.461
2025-09-22,0.0,32.4,0.428
2025-09-23,0.0,32.2,0.411
2025-09-24,3.7,32.2,0.402
2025-09-25,21.2,29.4,0.486
2025-09-26,5.5,31.4,0.462
2025-09-27,18.9,29.0,0.488
2025-09-28,9.4,29.2,0.501
2025-09-29,0.5,29.7,0.482
2025-09-30,0.1,31.4,0.451
2025-10-01,2.4,31.9,0.463
2025-10-02,4.5,31.0,0.454
2025-10-03,9.1,29.3,0.443
2025-10-04,14.5,29.9,0.46
2025-10-05,25.4,29.8,0.479
2025-10-06,11.4,29.1,0.503
2025-10-07,0.9,30.3,0.479
2025-10-08,0.0,30.5,0.443
2025-10-09,0.0,30.3,0.401
2025-10-10,3.0,28.9,0.394
2025-10-11,0.2,29.3,0.383
2025-10-12,0.0,29.7,0.366
2025-10-13,0.9,29.6,0.356
2025-10-14,0.4,30.2,0.345
2025-10-15,0.1,30.8,0.329
2025-10-16,0.0,30.6,0.304
2025-10-17,0.2,30.1,0.305
2025-10-18,0.0,30.7,0.318
2025-10-19,0.0,30.7,0.304
2025-10-20,0.1,30.3,0.305
2025-10-21,0.2,31.3,0.318
2025-10-22,0.0,31.9,0.31
2025-10-23,0.0,31.9,0.297
2025-10-24,0.0,31.7,0.29
2025-10-25,7.0,28.1,0.315
2025-10-26,9.9,27.7,0.394
2025-10-27,0.1,30.5,0.451
2025-10-28,0.2,29.2,0.438
2025-10-29,4.0,29.3,0.438
2025-10-30,17.0,26.0,0.484
2025-10-31,11.9,28.8,0.494
2025-11-01,1.4,30.0,0.483
2025-11-02,1.3,28.8,0.462
2025-11-03,0.4,30.9,0.446
2025-11-04,0.0,29.9,0.425
2025-11-05,0.0,29.4,0.41
2025-11-06,0.0,30.1,0.395
2025-11-07,0.0,29.1,0.385
2025-11-08,0.0,28.3,0.377
2025-11-09,0.0,26.8,0.362
2025-11-10,0.0,27.1,0.345
2025-11-11,0.0,27.1,0.337
2025-11-12,0.0,27.7,0.33
2025-11-13,0.0,27.6,0.331
2025-11-14,0.0,27.5,0.328
2025-11-15,0.0,27.3,0.32
2025-11-16,0.0,26.6,0.317
2025-11-17,0.0,26.0,0.309
2025-11-18,0.0,26.0,0.292
2025-11-19,0.0,26.8,0.285
2025-11-20,0.0,27.7,0.285
2025-11-21,0.0,28.2,0.29
2025-11-22,0.0,28.6,0.29
2025-11-23,0.0,28.2,0.304
2025-11-24,0.0,28.7,0.314
2025-11-25,0.0,28.2,0.326
2025-11-26,0.0,28.6,0.333
2025-11-27,0.0,27.9,0.336
2025-11-28,0.0,25.8,0.327
2025-11-29,0.0,26.2,0.317
2025-11-30,0.0,26.2,0.313
2025-12-01,0.0,26.9,0.315
2025-12-02,0.0,27.0,0.31
2025-12-03,0.0,26.8,0.309
2025-12-04,0.0,26.7,0.296
2025-12-05,0.0,26.4,0.288
2025-12-06,0.0,25.8,0.283
2025-12-07,0.0,27.4,0.286
2025-12-08,0.0,28.3,0.276
2025-12-09,0.0,28.3,0.275
2025-12-10,0.0,27.6,0.27
2025-12-11,0.0,27.3,0.259
2025-12-12,0.0,27.3,0.263
2025-12-13,0.0,27.1,0.26
2025-12-14,0.0,26.5,0.259
2025-12-15,0.0,26.1,0.257
2025-12-16,0.0,26.3,0.256
2025-12-17,0.0,28.8,0.255
2025-12-18,0.0,28.1,0.254
2025-12-19,0.0,26.4,0.253
2025-12-20,0.0,26.6,0.253
2025-12-21,0.0,26.9,0.252
2025-12-22,0.0,26.8,0.252
2025-12-23,0.0,27.7,0.252
2025-12-24,0.0,27.2,0.251
2025-12-25,0.0,26.4,0.251
2025-12-26,0.0,26.5,0.251
2025-12-27,0.0,26.4,0.251
2025-12-28,0.0,26.8,0.251
2025-12-29,0.0,27.1,0.251
2025-12-30,0.0,27.2,0.251
2025-12-31,0.0,27.0,0.251
2026-01-01,0.0,27.4,0.25
2026-01-02,0.0,28.2,0.25
2026-01-03,0.0,27.9,0.25
2026-01-04,0.0,28.0,0.25
2026-01-05,0.0,25.1,0.25
2026-01-06,0.0,26.1,0.25
2026-01-07,0.0,26.9,0.25
2026-01-08,0.0,26.6,0.25
2026-01-09,0.0,26.8,0.25
2026-01-10,0.0,26.7,0.25
2026-01-11,0.0,26.8,0.25
2026-01-12,0.0,27.0,0.25
2026-01-13,0.0,27.5,0.25
2026-01-14,0.0,29.3,0.25
2026-01-15,0.0,28.5,0.25
2026-01-16,0.0,27.7,0.253
2026-01-17,0.0,29.0,0.25
2026-01-18,0.0,29.5,0.25
2026-01-19,0.0,29.4,0.25
2026-01-20,0.0,29.3,0.25
2026-01-21,0.0,29.0,0.25
2026-01-22,0.0,28.7,0.25
2026-01-23,0.0,29.3,0.25
2026-01-24,0.0,28.7,0.25
2026-01-25,0.0,28.9,0.25
2026-01-26,0.0,29.2,0.251
2026-01-27,0.0,29.8,0.256
2026-01-28,0.0,29.2,0.267
2026-01-29,0.0,28.5,0.259
2026-01-30,0.0,28.6,0.258
2026-01-31,0.0,30.3,0.262
2026-02-01,0.0,30.8,0.261
2026-02-02,0.0,30.6,0.258
2026-02-03,0.0,29.9,0.255
2026-02-04,0.0,29.8,0.259
2026-02-05,0.0,29.7,0.254
2026-02-06,0.0,30.7,0.253
2026-02-07,0.0,29.7,0.252
2026-02-08,0.0,28.9,0.251
2026-02-09,0.0,29.9,0.243
2026-02-10,0.0,30.6,0.25
2026-02-11,0.0,31.8,0.25
2026-02-12,0.0,30.9,0.254
2026-02-13,0.0,31.0,0.26
2026-02-14,0.0,33.1,0.25
2026-02-15,0.0,32.2,0.255
2026-02-16,0.0,31.2,0.25
2026-02-17,0.0,32.2,0.25
2026-02-18,0.0,31.6,0.25
2026-02-19,0.0,31.6,0.25
2026-02-20,0.0,32.8,0.248
2026-02-21,0.0,32.7,0.248
2026-02-22,0.0,33.8,0.272
2026-02-23,0.0,31.6,0.273
2026-02-24,0.0,31.9,0.268
2026-02-25,0.0,31.1,0.283
2026-02-26,0.0,33.7,0.272
2026-02-27,0.0,33.1,0.256
2026-02-28,0.0,34.5,0.253
2026-03-01,0.0,35.2,0.252
2026-03-02,0.0,34.9,0.262
2026-03-03,0.0,35.3,0.26
2026-03-04,0.0,36.7,0.264
2026-03-05,0.0,36.7,0.272
2026-03-06,0.0,37.5,0.266
2026-03-07,0.0,36.8,0.26
2026-03-08,0.0,37.1,0.249
2026-03-09,0.0,38.0,0.253
2026-03-10,0.0,37.0,0.251
2026-03-11,0.0,38.0,0.25
2026-03-12,0.0,38.8,0.25
2026-03-13,0.0,38.5,0.25
2026-03-14,0.0,38.7,0.25
2026-03-15,0.0,38.1,0.25
2026-03-16,0.0,37.2,0.254
2026-03-17,0.0,36.5,0.274
2026-03-18,0.0,33.9,0.255
2026-03-19,0.0,35.1,0.253
2026-03-20,0.6,31.7,0.253
2026-03-21,0.0,32.5,0.248
2026-03-22,0.0,34.1,0.262
2026-03-23,0.0,34.8,0.272
2026-03-24,0.0,35.9,0.284
2026-03-25,0.0,36.7,0.272
2026-03-26,0.0,37.1,0.266
2026-03-27,0.0,39.7,0.256
2026-03-28,0.0,38.4,0.252
2026-03-29,0.0,39.5,0.257
2026-03-30,1.8,38.8,0.251
2026-03-31,2.2,35.0,0.295
2026-04-01,0.0,36.6,0.302
2026-04-02,0.0,34.9,0.319
2026-04-03,0.0,36.9,0.335
2026-04-04,0.0,34.1,0.342
2026-04-05,0.3,34.4,0.329
2026-04-06,0.0,35.8,0.32
2026-04-07,0.0,36.1,0.286
2026-04-08,0.0,34.7,0.26
2026-04-09,0.0,35.6,0.257
2026-04-10,0.0,36.5,0.244
2026-04-11,0.0,36.9,0.255
2026-04-12,0.0,39.2,0.27
2026-04-13,0.0,39.1,0.277
2026-04-14,0.0,39.3,0.268
2026-04-15,0.0,41.8,0.261
2026-04-16,0.0,41.4,0.255
2026-04-17,0.0,41.2,0.252
2026-04-18,0.0,41.3,0.251
2026-04-19,0.0,41.5,0.25
2026-04-20,0.0,42.0,0.25
2026-04-21,0.0,40.9,0.25
2026-04-22,0.0,41.2,0.259
2026-04-23,0.0,42.0,0.26
2026-04-24,0.0,42.6,0.25
2026-04-25,0.0,42.6,0.265
2026-04-26,0.0,42.6,0.273
2026-04-27,0.0,42.3,0.261
2026-04-28,0.0,42.9,0.255
2026-04-29,0.0,42.8,0.252
2026-04-30,0.0,40.3,0.25
2026-05-01,0.0,39.1,0.25
2026-05-02,0.1,40.8,0.25
2026-05-03,0.0,40.1,0.255
2026-05-04,0.0,40.9,0.264
2026-05-05,0.0,38.8,0.256
2026-05-06,0.0,36.6,0.256
2026-05-07,0.0,37.0,0.287
2026-05-08,0.0,37.2,0.314
2026-05-09,1.4,37.1,0.315
2026-05-10,0.0,37.6,0.289
2026-05-11,0.0,38.8,0.302
2026-05-12,0.0,39.1,0.311
2026-05-13,0.0,39.8,0.311
2026-05-14,0.7,39.4,0.308
2026-05-15,0.0,39.9,0.303
2026-05-16,0.5,39.2,0.325
2026-05-17,0.0,39.7,0.348
2026-05-18,0.0,40.9,0.351
2026-05-19,0.0,41.1,0.35
2026-05-20,0.0,41.0,0.35
2026-05-21,0.0,42.4,0.33
2026-05-22,0.0,42.7,0.311
2026-05-23,0.0,41.9,0.291
2026-05-24,0.0,42.1,0.275
2026-05-25,0.0,43.5,0.266
2026-05-26,0.0,42.3,0.257
2026-05-27,0.0,42.8,0.253
2026-05-28,0.0,44.0,0.251
2026-05-29,0.4,40.4,0.252
2026-05-30,0.5,38.7,0.254
2026-05-31,0.0,38.6,0.243
2026-06-01,0.0,37.4,0.237
2026-06-02,0.1,37.8,0.242
2026-06-03,0.5,38.4,0.255
2026-06-04,1.4,39.0,0.235
2026-06-05,0.0,37.5,0.219
2026-06-06,1.7,37.0,0.225
2026-06-07,0.1,38.8,0.235
2026-06-08,1.8,40.2,0.246
2026-06-09,4.4,40.0,0.266
2026-06-10,0.7,40.7,0.26
2026-06-11,0.0,39.9,0.26
2026-06-12,1.4,38.4,0.265
2026-06-13,1.2,35.4,0.315
2026-06-14,2.3,37.3,0.384
2026-06-15,0.0,37.0,0.393
2026-06-16,0.0,37.7,0.373
2026-06-17,0.8,37.5,0.351
2026-06-18,3.1,37.1,0.37
2026-06-19,0.4,37.1,0.408
2026-06-20,0.0,38.3,0.345
2026-06-21,0.9,38.2,0.302
2026-06-22,4.9,36.9,0.325
2026-06-23,4.8,35.4,0.393
2026-06-24,4.3,33.5,0.384
2026-06-25,2.4,34.1,0.374
2026-06-26,4.3,34.9,0.366
2026-06-27,1.8,35.6,0.368
2026-06-28,0.4,34.6,0.403
2026-06-29,5.9,34.0,0.411
2026-06-30,17.8,28.8,0.441
2026-07-01,36.2,29.0,0.5
2026-07-02,31.5,27.7,0.512
2026-07-03,44.2,27.8,0.51
2026-07-04,8.7,31.4,0.506
2026-07-05,17.5,31.5,0.508
2026-07-06,6.6,30.5,0.504
2026-07-07,5.7,30.4,0.501
2026-07-08,8.3,30.9,0.504
2026-07-09,7.3,32.8,0.497
2026-07-10,2.2,33.5,0.483
2026-07-11,0.6,33.1,0.47
2026-07-12,0.0,33.6,0.456
2026-07-13,0.7,33.4,0.437
2026-07-14,0.2,34.6,0.418
2026-07-15,0.7,33.2,0.397
2026-07-16,15.2,33.4,0.421
2026-07-17,30.4,26.8,0.501
2026-07-18,28.5,30.1,0.507
2026-07-19,10.5,31.7,0.5
2026-07-20,21.1,30.3,0.503
2026-07-21,41.3,26.3,0.514
2026-07-22,15.2,26.2,0.508
2026-07-23,2.8,28.0,0.502
2026-07-24,2.3,30.7,0.491
2026-07-25,1.0,32.4,0.473
2026-07-26,6.4,32.3,0.477
2026-07-27,42.1,31.9,0.505
2026-07-28,13.7,30.5,0.505
2026-07-29,51.3,31.3,0.508
2026-07-30,7.3,30.7,0.502
2026-07-31,5.2,29.0,0.504
2026-08-01,2.0,30.3,0.494
2026-08-02,0.1,31.9,0.477
2026-08-03,0.9,32.3,0.462
2026-08-04,4.3,31.3,0.461
2026-08-05,2.5,32.1,0.47
2026-08-06,1.4,31.8,0.445
2026-08-07,39.5,29.0,0.468
2026-08-08,25.6,30.5,0.508
2026-08-09,41.0,28.8,0.507
2026-08-10,2.5,30.8,0.497
2026-08-11,2.6,30.2,0.489
2026-08-12,3.7,30.3,0.491
2026-08-13,1.3,31.0,0.483
2026-08-14,3.0,29.9,0.48
2026-08-15,22.7,29.7,0.496
2026-08-16,7.1,29.6,0.508
2026-08-17,8.0,29.9,0.502
2026-08-18,8.4,27.4,0.508
2026-08-19,20.7,27.1,0.511
2026-08-20,0.6,30.8,0.496
2026-08-21,10.9,29.8,0.501
2026-08-22,32.3,27.9,0.511
2026-08-23,6.0,30.8,0.503
2026-08-24,15.5,28.3,0.505
2026-08-25,18.5,29.7,0.504
2026-08-26,5.6,31.2,0.5
2026-08-27,12.7,30.5,0.507
2026-08-28,2.8,30.6,0.495
2026-08-29,45.9,26.9,0.51
2026-08-30,1.3,29.7,0.493
2026-08-31,7.4,28.2,0.491
2026-09-01,0.6,29.8,0.48
2026-09-02,8.2,27.1,0.501
2026-09-03,23.3,27.0,0.509
2026-09-04,0.9,28.6,0.494
2026-09-05,5.4,28.2,0.5
2026-09-06,0.6,30.7,0.484
2026-09-07,2.3,30.8,0.464
2026-09-08,1.9,31.5,0.449
2026-09-09,0.1,32.4,0.448
2026-09-10,0.0,32.0,0.423
2026-09-11,13.3,29.4,0.443
2026-09-12,16.8,29.3,0.498
2026-09-13,23.5,26.7,0.505
2026-09-14,3.7,28.6,0.489
2026-09-15,4.7,30.2,0.493
2026-09-16,0.6,31.4,0.479
2026-09-17,3.5,31.6,0.469
2026-09-18,8.1,31.9,0.449
2026-09-19,1.1,31.6,0.415
2026-09-20,5.9,31.5,0.408
2026-09-21,1.7,31.0,0.431
2026-09-22,4.7,31.0,0.397
2026-09-23,10.5,31.5,0.393
2026-09-24,3.9,30.0,0.381
